x,y
0.24270308041574187,0.16449975175609102
0.5294091768949892,0.6421702248293605
0.8872853689204271,0.06591218099136326
0.21679644538295692,0.7138059620123423
0.9910694646078043,0.6333384216150203
0.5783414310750712,0.2858172346693537
0.8524430830553088,0.954980371234946
0.3903841547763945,0.8558126349303263
0.1788746645550127,0.46526653014212144
0.7473417837735479,0.6809106949676258
0.8451505115951679,0.29403286556641434
0.057775916054114855,0.9385262882438885
0.6982094936430425,0.03496145131010068
0.09023431785094199,0.23711680040733288
0.6004892406947587,0.9020808367366496
0.4096219382811917,0.46281843810713863
0.8384145000219961,0.44278557650561895
0.4287536843957591,0.031794491571625234
0.6378073995864679,0.4694594064155961
0.1548546038449691,0.5989925202259194
0.3777220535832124,0.26222426634577434
0.13778353116046385,0.08660178102231811
0.9214309805572836,0.8008155788647312
0.25858959130702547,0.9245202972878134
0.013977428631936933,0.48207952832135875
0.376490255598082,0.6333384216150203
0.8801636531608812,0.642928510963925
0.5663221929278017,0.16678187144971904
0.7144174133219929,0.837145910111869
0.9729004443271303,0.44452517410844367
0.7463406698975785,0.13537990446539822
0.2357256200680761,0.3427332998284352
0.09097707975891932,0.7491331748697032
0.6124675553209274,0.7792861999853294
0.7674981303066295,0.2830102274461913
0.4061210884491867,0.945596763181865
0.2566129852378627,0.5385848119355872
0.9830041206575453,0.23296334256493004
0.7363021301715819,0.5511364702505409
0.49830627777044567,0.8414656630196238
0.3926209434985996,0.18782301502496887
0.3548106110597863,0.7907407811239283
0.6014442202907294,0.5753475867526064
0.4965025735779332,0.35464596462917314
0.1596058246447579,0.8216164083207278
0.038857797533970395,0.32975823547670613
0.03484228586511807,0.5489456353446581
0.6614503792806552,0.4029638721615953
0.06871673045620508,0.14072006454848768
0.9183053979147419,0.9937473608668844
0.4504421274910915,0.7744242477107683
0.23089326393949627,0.04595950928737873
0.6842637807399586,0.9964236648712299
0.5544380024001645,0.08521891359945569
0.03581012713914934,0.7395381294022718
0.8691889878897067,0.19384781101614668
0.7560600061589899,0.7543073626114378
0.3166191442277886,0.3826703944669245
0.4815573036719652,0.52918247879784
0.7949936210461481,0.8394584350163645
0.12388368307597532,0.9774800869622103
0.6776648629624742,0.2692272618238119
0.9249923012625927,0.5448419692046615
0.048314191415136376,0.6339926292605269
0.9682689248265609,0.12515600823794493
0.07272314317196152,0.8643802193979154
0.32633848048919983,0.10414390982243234
0.27035819784091986,0.7723016992910618
0.17091197043684805,0.1978591550412646
0.48957713157264426,0.9631026887934229
0.9399989564502117,0.3701187361519708
0.96611599175996,0.8935992892839835
0.14596806123795664,0.35393228356134765
0.8261156474685974,0.5611480301238915
0.7851392371651047,0.01551364221185683
0.2045449912068077,0.9587508782604668
0.10378409568737682,0.47066892985321884
0.7423342571818221,0.3840853086769739
0.42272155738551903,0.12086562321392433
0.4773657120232282,0.7075166476021304
0.35884914873960677,0.572095664982247
0.7117152786942943,0.9296944850295478
0.15402502561008535,0.688385322072654
0.3395363160441688,0.706847571601044
0.6474858123267785,0.1577294633316615
0.21070711070051149,0.8661954554375554
0.05111961638291308,0.014398515543379429
0.4246572399335812,0.3882387665193767
0.5337526596857628,0.25258957193013054
0.621547666182746,0.6761236016311574
0.04494834940093076,0.20731231720855173
0.9878139985042451,0.007440125132080704
0.9359025119880339,0.7265630110997227
0.3046500373938674,0.6054602549030877
0.47373525979834546,0.1621220003800635
0.5534610621730377,0.47499233277918984
0.2698957370991158,0.2564256076696924
0.6672297743170121,0.6141047168371238
0.5315699388091051,0.73124135647166
0.8760314006177403,0.8212025147944744
0.10747759318691215,0.3254459648419236
0.055707143098299196,0.40384846522379203
0.4584622035029734,0.27319711276359104
0.2781015492406611,0.494431200884213
0.32562231886993803,0.4568392845098334
0.8333113369407413,0.11586017401923379
0.34229319724898455,0.9083509605948923
0.3485670052239094,0.984021558229816
0.828327983997858,0.7210300847361288
0.6872514646728372,0.7145739449005457
0.7870800351533047,0.5055397187718542
0.3936863191645873,0.7630997473947063
0.7711444160367,0.9063712217606702
0.4393999384101008,0.6294131757419802
0.4076862557331296,0.32936007842377524
0.5823764902555982,0.9687685234929928
0.6086371137459038,0.10005269160803744
0.7182957808872833,0.484224720833369
0.5633716070564427,0.3557164862309114
0.13669069900443265,0.4132964407554119
0.7483612687519244,0.5956471402204875
0.48277682460076554,0.03937735291727079
0.252468309482959,0.6837591394365711
0.9011952737425478,0.3442851412201022
0.9718778803203102,0.7706741583193135
0.4903804148212716,0.4737269702426804
0.1554705028375347,0.24670170312057038
0.705556288768642,0.7923108794731443
0.6339810503635545,0.33584129835367876
0.7158012427425318,0.09438301570577037
0.3387444459108707,0.18978563796148892
0.14241784347367,0.5465904878208341
0.27196339800272745,0.44590793117735544
0.5563736849482267,0.5455680981980887
0.5881709685325893,0.8461428228748371
0.3745545730500199,0.05436465534160581
0.827284325370639,0.23844976577383828
0.6686023492147289,0.1949598257032236
0.8411891147526221,0.65045431931723
0.6145341931365118,0.23378490565463614
0.1947611754462963,0.09777057191440955
0.6813602569178656,0.9257692391565079
0.48862786503013506,0.08764003512896823
0.917405989862107,0.17735569269686188
0.5205544588559816,0.6013100856084058
0.3204476370637121,0.054271197106533116
0.8292148924785635,0.3941266353289369
0.985455985218424,0.5002235209455479
0.15679028639303122,0.7589462895523035
0.9709647617790682,0.28831823038814325
0.23270955656295603,0.6138491194314374
0.3056936960210866,0.27873003912718486
0.28260965201706906,0.824395497913646
0.41272803353273324,0.5331077246708801
0.6263366881905442,0.5358614824345245
0.5137946710072882,0.7757376191203083
0.6263283519177274,0.05185432367861506
0.781994241833228,0.2084087489369125
0.8311505750266255,0.8843259455202238
0.9132145118898173,0.4666523991924336
0.77685392928893,0.07686939834703545
0.0009228254008203222,0.7640125952721575
0.545404027423713,0.8834179021052856
0.07046806228540423,0.5372633559606101
0.010646254014341482,0.8064952906961756
0.7937423843884949,0.3499447980602995
0.008845619085911796,0.2629503953392015
0.13474990101623296,0.17957107767823677
0.12969073072016163,0.8884794033626268
0.9512120012317979,0.9676980018912545
0.2187321279310191,0.2980867400040044
0.5121640051031631,0.20031243371191468
0.09982269884483105,0.6936320239206711
0.46384845059323315,0.45102781709871215
0.20653732787822768,0.14621540877074385
0.4626281289868462,0.8224328749771259
0.4152489224325351,0.5960029434272668
0.7311160969600984,0.3134754880289911
0.8866393911398531,0.5980112087576593
0.2736791166248734,0.9803212357784177
0.025589723285380974,0.4315022788232982
0.31841977915621844,0.8727784198704663
0.21800624697549584,0.38756896438929694
0.7514724794436037,0.4136615799063923
0.902292024108046,0.29202045092748796
0.2958954731424047,0.15436921497064982
0.6333958440118147,0.8258123965756028
0.39170562074331444,0.49595481605861674
0.891381813382605,0.6892731753058416
0.03290660331705595,0.06221514708768601
0.8793717830275831,0.9397306250458439
0.9649827660821765,0.04372997756929946
0.10273532162002018,0.7975723792604108
0.857394829108491,0.04920706483400655
0.9222176865319667,0.41101432106178387
0.4536924781545129,0.9078774207584646
0.9230566187145306,0.08790766552940286
0.22821697241652375,0.21245393287829542
0.6102628594197907,0.4135697704934303
0.37944471843459787,0.4233377674073749
0.7534081619916658,0.9926353461798075
0.9941080360495297,0.377649731140943
0.9161057586555804,0.5038053078046969
0.941885530772953,0.8602890011835206
0.6066165148915579,0.734993368713411
0.8589703846708672,0.5390412358743127
0.7103954951387972,0.21726235907276964
0.16761251154810577,0.01975112355207029
0.40575593221759254,0.7410490375359421
0.09874231788777349,0.07554272609847398
0.07664381136731645,0.507730553677737
0.7924369240653834,0.6762879142490986
0.18485768333993197,0.5581045423817516
0.43843209713606973,0.9561898946725689
0.9520918569354625,0.6708066776758577
0.5725343834308848,0.0444146134773878
0.3225162236183964,0.6237535189017828
0.1003328787412198,0.6024037458060614
0.8371827020368656,0.7952548138779244
0.34675113281421854,0.5236099574368539
0.016629272799260925,0.6640267075315156
0.7034886278650301,0.6587633096563027
0.28454533456513126,0.0818413764528864
0.5448946372794862,0.40076760363739433
0.24679952487791978,0.8060492400287846
0.8352470194888035,0.6058617005037396
0.6025691786547006,0.18563736675475334
0.47538603668998286,0.6517157091115262
0.2148607628348948,0.4802538325664563
0.982182922000792,0.5928370210159247
0.8932724800574564,0.24391751709434423
0.35132638247327447,0.7461892404649231
0.540722166009219,0.946529428440587
0.14205270335664916,0.9332182853019362
0.44965025735779335,0.22881507135819446
0.9980694328920754,0.15861188294653086
0.6585822250732272,0.8887304365289267
0.42542936001973947,0.06178848992757298
0.1730236241256431,0.6584510741891291
0.7198803396243016,0.7174858800183174
0.4916633672077779,0.11716858931024708
0.8741857498160996,0.36076204540809603
0.5525023198521024,0.8015762854292738
0.8766364669135436,0.10868313131999864
0.7634947868549556,0.6393155005580586
0.8732567858871143,0.8510111473017894
0.15582244511900015,0.2761410471683711
0.7245259777396506,0.42883311162963106
0.0,0.17015940859628842
0.2458316836038888,0.0896918681989666
0.3145484140600942,0.22315022788232977
0.25980911223582576,0.5684349375282409
0.8962210197527604,0.02492531129380506
0.7771765430469401,0.9512833373312688
0.6184505741058467,0.9872647578341363
0.6561255661388606,0.11668990078914462
0.08280669877116874,0.41535034847967706
0.1258193656240374,0.13090694986588744
0.2257320962152905,0.7547928317099006
0.700136377634068,0.49556229147131275
0.6481896968897101,0.7512742180731797
0.5392166351385039,0.16318119371088383
0.6113811247998807,0.12992563839762752
0.33777660463683934,0.286773991685214
0.55747657384189,0.2192249820092897
0.37965773613127457,0.35089913902308945
0.4234868272301018,0.6962792827652795
0.006909936537849677,0.9311093992395972
0.31551625533412525,0.8021239941557445
0.37856098576577635,0.6740057945554706
0.18164621002155615,0.3645928945119907
0.8942853372046982,0.7599276010205634
0.30667063624821345,0.6908021955005724
0.6046808323434958,0.6455156048347923
0.01677591541653817,0.09361711407200647
0.26056926664027086,0.31579495149942394
0.24472879471022552,0.41603498438776537
0.9670985121230815,0.5334728638218604
0.06387752408604983,0.7714046786276046
0.655228542519027,0.5587587500272584
0.5223703312656724,0.686507661168018
0.013688040875582033,0.35006651111062637
0.10495450839085625,0.16244584403182588
0.8141744753860365,0.40919796125108276
0.8121948000527911,0.3200324328396377
0.9134963235892329,0.6621594050115887
0.825348642822577,0.7506943522055715
0.0801108618186616,0.671029703009553
0.4825251449459963,0.30124436379827885
0.2886806563723549,0.7391416399201465
0.8779288196735736,0.4463985869114855
0.9870405439554425,0.990490153667797
0.8421794639632586,0.16039193630756074
0.4387547108940801,0.8625564254094243
0.759359465047732,0.8176019523142095
0.6395180027684763,0.9593620410467116
0.36558004487264095,0.11145914076764347
0.5683479072222853,0.4451548316784582
0.2369451409968765,0.25722849887099614
0.9690290792310061,0.7004690470573538
0.8003597177504748,0.17522571431614248
0.38159341867933666,0.8078334426983482
0.16883203247690604,0.9141304287190053
0.3015388267021883,0.556933054272356
0.031850776472658396,0.3702131329211163
0.5195547930139458,0.909354574596522
0.821236364855211,0.02660755952510791
0.6974176235097445,0.525171134772722
0.9434201628142285,0.4889715297961152
0.598420467738943,0.3674030137165535
0.7415599841625973,0.8710611248010113
0.6354757819717568,0.01292654834098939
0.7641669556890343,0.11926813942838478
0.9920373058818354,0.32565267124876335
0.8813432736566084,0.3165345657455861
0.9270075898028912,0.9337131891376603
0.8234569530596979,0.5168299872925118
0.8400862258589588,0.9767974355060294
0.3668118428577714,0.9728721896329894
0.7903303858167258,0.5428347412014025
0.7832035546170426,0.7840589421264124
0.6503893361488717,0.23793532067078077
0.0071781561157302064,0.2176712388512114
0.0619418415379876,0.5823102252654989
0.2787382869209448,0.2045053099853893
0.6782316537297186,0.6845948299339043
0.1916325722581494,0.32059872325215144
0.44772337336676793,0.996816189458534
0.760107342395847,0.5204876027651174
0.955259337468655,0.38866476219552065
0.16066165148915545,0.5136184224872972
0.6920065109322072,0.13126379039980018
0.7123311776868594,0.35072071875613303
0.1628769326274932,1.0
0.5048118450037609,0.7456866175177655
0.9842945756895869,0.8266567808622451
0.2296034613114145,0.5321492343995563
0.7579956887070519,0.24206277617970479
0.5356517531124896,0.44188455415748934
0.34745501737715023,0.20058006411234922
0.01615219548438504,0.9720435266153475
0.3695648135927931,0.8803236147153101
0.1511501079340229,0.06600503965475885
0.43046940301790515,0.5218703598340293
0.5176631032510668,0.5529600913511764
0.08667806386729297,0.028987484348462808
0.3627153983955934,0.022734476387922153
0.5654832607452379,0.6531430712471772
0.43766682729148704,0.13930515033843832
0.05881323834984069,0.4486236536127728
0.99142140688927,0.8645710875904734
0.5762526945580926,0.7016376998059181
0.03968149223527336,0.8717971084022064
0.7373509042389387,0.19112189187571532
0.3278782279706129,0.9469566458575768
0.7173954634230684,0.9706813547271064
0.9990761515111524,0.7336106116444993
0.5820413071303925,0.6117495693132997
0.1978672706978379,0.23113764681002763
0.589415335884915,0.5195062912968573
0.1067851539014266,0.6490394051071806
0.45165926121449423,0.4175433568328871
0.2988378743095435,0.4235659793767376
0.53728695470687,0.9762497267795587
0.4405028273037641,0.3325094036009819
0.5735427389908057,0.9202738949342518
0.9291276230698164,0.2663279324857709
0.4945668910298711,0.22118760494580975
0.13592542915984998,0.7215195265768048
0.026955409100141662,0.14794418727227424
0.11377761954016256,0.20366092569874694
0.6725146378319538,0.8517372762952166
0.9050635695745897,0.19950954251061095
0.5118120628216973,0.5084442347455626
0.19282549289823417,0.8141279437442276
0.3496106638511285,0.6572913424539126
0.8700893053539217,0.9100682556643476
0.6321763230830144,0.29505359546574617
0.8880574890065853,0.9713362238565822
0.03097092076899383,0.6971236670519219
0.4873643513161516,0.3957241191144765
0.9440411772469314,0.19197128623170445
0.6963178038801637,0.896329895108707
0.8470861941432299,0.33871676916765
0.028771281509832297,0.6080027437072161
0.4543134925872157,0.5550565294879137
0.31067704896397,0.5051137230957103
0.6643667647808086,0.45095141570027325
0.18969688971008727,0.7324508799092828
0.38049666831383844,0.23241563383845934
0.7015498760528854,0.1687444943862391
0.5814526417667504,0.11872976664611522
0.28067396946900697,0.33826232968083186
0.7661026382370965,0.609650019195162
1.0,0.42570183594454675
0.01784879372806117,0.3037546954612695
0.7784083410320705,0.46080602346821214
0.4925432229114425,0.9337535461028053
0.5944120978113079,0.7531040631366158
0.9459768597949935,0.5781619540587634
0.08398222691478573,0.09205593673613834
0.3092692798381066,0.011900631805989867
0.9281597817957854,0.6264692413372001
0.5514055694866042,0.3077214344196484
0.2288381914668318,0.8922677220540493
0.131890369979323,0.042410497455529196
0.07591927016992453,0.9275949349114102
0.6244827011160867,0.8686249620280635
0.5218507974216038,0.06623385119579814
0.4483304738022965,0.5885995396757109
0.6881351458360828,0.41744989859781473
0.29536755972020584,0.6463631011028351
0.6155470502837536,0.8089931744335648
0.638203334653117,0.08358097405571097
0.9351986274251022,0.13269115253545105
0.36874752540583355,0.30459907974791184
0.39949848224891127,0.896731340709359
0.4808411420527034,0.8891930844304523
0.34145440147815764,0.347874915498179
0.36474111269007703,0.48276416422944707
0.7433020984558532,0.057308589746385884
0.37358673177598883,0.5404124921423971
0.13979679425597422,0.4764655138750339
0.20602114586541112,0.6322480755391758
0.872160035521616,0.2755933384419004
0.1207550798878283,0.8588118473454632
0.45756384325063715,0.3622682444058906
0.7452377810039152,0.6254879298689401
0.20173863579396215,0.9887101003067673
0.6465179710527474,0.5175436683603373
0.2638247327438299,0.04477456599270093
0.8320795389556109,0.4761501664264599
0.6093487476564482,0.9428482344977145
0.9379732421557282,0.3109205512992613
0.5254027641792328,0.8203353093108957
0.6791606176587041,0.35839279023525683
0.04918393383485092,0.8308496571357198
0.011878051999472122,0.02510373156076138
0.8549909814790371,0.6839740933772376
0.14875299581303417,0.39095448895479407
0.3675157274207031,0.601758034363743
0.30970920768993887,0.9915171075299298
0.7442699397298842,0.9519375449767753
0.26669654083707006,0.12291953093818958
0.9262240992477232,0.05828990121464591
0.8391183845849277,0.08249558409839293
0.6107078439135982,0.45277711145517563
0.7344595486340239,0.2839023287809731
0.18776120716202516,0.5764223564559388
0.7113633364128282,0.7589462895523035
0.2678669535405495,0.7018020124238593
0.5427008637250158,0.1334365527618466
0.1616294927631865,0.153477113635868
0.23829935368860386,0.9793573784667073
0.03387444459108701,0.9051616983230474
0.17776018066370422,0.9552085832043087
0.27754536628086013,0.5904345713748145
0.580440807707536,0.4784696298968926
0.6762959711816565,0.6291849637726175
0.1130614579209007,0.5300330870472831
0.37578637103515034,0.9298729052965043
0.4165993986288575,0.28805371196910906
0.18582552461396304,0.18684170355670884
0.4444642241463098,0.8337541731094281
0.4538207733931635,0.1983230477353512
0.1999223431705024,0.42082049016270784
0.6294880831033073,0.20214598666808334
0.06484536536008079,0.36315066402076007
0.8991245435748535,0.154904475771519
0.9600985438388104,0.926750550624768
0.8923496546566361,0.5705344876463786
0.980198131227409,0.20329578654776653
0.0938806035810125,0.8825915345530666
0.28956051207601946,0.3789111209352392
0.6624310822327465,0.31721920165367457
0.08462299139462853,0.8419311071942924
0.07177780983453583,0.2702988207526835
0.11986176489277973,0.2536363041629412
0.907881202720849,0.909507506253913
0.8440015837402663,0.6204029522606835
0.06277463519238645,0.19622121549751978
0.7041607966991089,0.2504900218119928
0.8642822577097352,0.776609895980984
0.2078607945506237,0.6767443381878241
0.09693468049017717,0.9647164009856727
0.9240684527737449,0.8712172425345982
0.6314601614637526,0.5919864127664816
0.24169636179666515,0.6547488536497844
0.5613479389380143,0.8423577643544056
0.02251504437482777,0.7201844865560325
0.775240860498878,0.38310399720871385
0.25576257667655533,0.8467523331035701
0.37068320795389564,0.38997317748653404
0.7943726066134454,0.2606682756455735
0.622321939201971,0.6346468369060335
0.8544278738286918,0.14196900641718224
0.41736466847344017,0.829828927236388
0.4715637798191794,0.7964643373155471
0.40857316421383494,0.7890120026223979
0.022943531378500637,0.8171322871997214
0.18085127062417547,0.6916694009841511
0.9031309562906099,0.8340736698665361
0.7653864766178344,0.6948934137149673
0.9901016233337733,0.9601151405456089
0.40666165531461546,0.6553965967928652
0.8818793717830273,0.7282580036358082
0.41326822401126223,0.20646793292190935
0.42150612880882893,0.6077330386525145
0.020195621251448047,0.3928080772837297
0.7733051779508159,0.32716924351789245
0.9453609608024283,0.7671982268990356
0.8161152733742361,0.9436610575545512
0.8652500989837663,0.4164685871295547
0.2206678104790815,0.3607122537056897
0.6054409867479409,0.3191818245901946
0.8851348378865863,0.8786662886800265
0.7094276538647661,0.5695531761781186
0.3203554617042806,0.1377761301437076
0.008006686903347885,0.5707129079133351
0.8611683336106788,0.9956556819830267
0.5165326799448369,0.8796476001482866
0.49606264572610087,0.5646466188368185
0.32441295012233373,0.2689321821515379
0.26194086392053906,0.8911398477876874
0.8222374321308976,0.8434760030042833
0.8071796225419029,0.9846479272521096
0.14403237868989452,0.22047392387798423
0.2452157846113238,0.4774883184286326
0.23883171531961764,0.44666103067625273
0.46799524877920023,0.7314695684410227
0.22682492837132132,0.56548177753321
0.4564002807887333,0.6887185209976947
0.7502969512999866,0.784861833327716
0.8461836258853549,0.9158579933270815
0.5099623196679466,0.01853537615164676
0.9041078965177369,0.5260205291287111
0.7253852319439125,0.1016112123744175
0.3008226650829264,0.8838404764217612
0.004839206370155239,0.5410951435985779
0.9952047864150279,0.05454307560856213
0.6423643189183642,0.736662341627232
0.11108178258765539,0.29616872213422346
0.35945624917513536,0.24513160477135432
0.2659803792178081,0.6129985111819942
0.15071928203774543,0.880807331883503
0.9480567977549355,0.8042235442738822
0.6433893678646004,0.3803882747732965
0.17153298486955088,0.7768381079503467
0.7849192732391888,0.052402032405085425
0.6165148915577846,0.5008613733999169
0.1277550481720995,0.6215626839959
0.7522326338480487,0.01667337394707306
0.4616152718396044,0.10621441478083299
0.36077971584753127,0.8391856179802628
0.43262504949188335,0.75567525132477
0.009972973128059266,0.8384325184813655
0.8174050760023179,0.6170827838147128
0.6704889235374701,0.5845010601713817
0.8621214957956195,0.5094649646448943
0.2911358727644857,0.15800983803687868
0.7383278444660656,0.9036326781283166
0.7971785960435819,0.0936171140720066
0.13857727332717396,0.799447690151399
0.6301997170138517,0.9184664561368984
0.2624609564031497,0.404960479910869
0.09484844485504361,0.39654369775227505
0.19863254054242058,0.7807633538233868
0.3879283797457218,0.7184448889532079
0.7272447318639742,0.4584419549310403
0.13385665620403442,0.6657217000676011
0.5905337302460175,0.03308109994112173
0.7892054274527546,0.9291804647366498
0.9770920359758672,0.1660972355416307
0.623289780476002,0.26338399808099083
0.08874683682310869,0.5636653073685585
0.5236021292508029,0.3634777678435134
0.5081166688663059,0.3315405400583235
0.7984690510756234,0.8099744859018247
0.05986201241719755,0.12564545007862105
0.5035414192072499,0.14089848481544412
0.38097751968677146,0.09682867887722109
0.8199375302450396,0.3533970227604786
0.1177820750440404,0.7658154698301236
0.350653101586992,0.17114072006454845
0.047600193568254644,0.2258265318866753
0.5721017308716926,0.0767167498964172
0.5855439707887907,0.8757223542752465
0.7132990189608904,0.023943999825545036
0.11904447670581997,0.5803476023289789
0.11169768158022064,0.8274150669968098
0.44359391726423536,0.0504394094685656
0.8113149443491264,0.43886033063257884
0.810083146363996,0.7618902239570835
0.7324307650754578,0.6959141436142992
0.18269692142581612,0.2798380810720485
0.2227110309464801,0.847395163224807
0.541419207250011,0.6198230863930754
0.6691654568650742,0.7703295025841198
0.054990981479037325,0.7307558873731973
0.9500975173404893,0.09165449113548654
0.40455765254498266,0.1655515112670675
0.15275060107533636,0.1127740205610827
0.47869429413576176,0.621955208583204
0.3956220017126494,0.2508551609629732
0.8081474638159339,0.5764223564559388
0.6852316220139897,0.6699456059527203
0.35348714438739026,0.07814434254920904
0.6941672728463231,0.6178656500922226
0.8011086181866172,0.717552787618426
0.128810875016497,0.3132970677620348
0.02599666677920627,0.6378113762145311
0.8662179402577974,0.22707547375536988
0.8859707008050676,0.3921588257567496
0.12485152435000632,0.45768366879647576
0.29952583428491636,0.10065695721387209
0.5595628094770236,0.5643413219355821
0.311644890238001,0.17836674087628138
0.049755840042232935,0.5040283331383925
0.35268547873042444,0.43845413981206116
0.2647608582890079,0.9393706725305306
0.768562755708064,0.5536559303923062
0.39778276362676523,0.4066554724469545
0.5935117803470928,0.24104204628037298
0.695490739518719,0.29144950607322756
0.6444317354176138,0.027803824934034414
0.11494803224364195,0.9161843364432705
0.9201919722374831,0.2253410627882126
0.2516387312480751,0.30097249388695096
0.2914522018388984,0.8689423841309045
0.5454348277580152,0.040763221967583106
0.23175399234525515,0.9218439932834679
0.5603800976639832,0.2673092439540309
0.721261713079055,0.3915343548224023
0.6364119075169348,0.7960991981645668
0.4684351766310325,0.7667967812983837
0.7264616602877128,0.8182175022352091
0.4105088467618971,0.0726546307925798
0.5775812766706261,0.3413090496741846
0.9341018770596039,0.4592126889912065
0.1478597510008355,0.8437405214233176
0.17697990552805123,0.07933104478989554
0.7792472732146344,0.13820973288549693
0.18081034710307514,0.8542227121070041
0.9562271787426861,0.27025317835881096
0.3028052732685173,0.0709379156944417
0.31261273151203206,0.7834790762588041
0.6894530573581676,0.09081933243909526
0.4745648380332292,0.9748348125695092
0.8925730026429511,0.11165814798847921
0.5158593990585544,0.23001940816014996
0.4145306256730419,0.9228253047517279
0.4365844001583741,0.46638165681059873
0.3944584392507456,0.5740330763593057
0.23505638408634297,0.6991953245960264
0.8584752100655489,0.8619839937196061
0.8601858132475573,0.019265654453607655
0.12678720689806844,0.9478041421256195
0.6823280981918967,0.5361885862572777
0.9881659407857111,0.4704407178838561
0.21582860410892585,0.12011252371502715
0.4192864370243281,0.9651287500470831
0.9393867405745456,0.8900495017118429
0.15775812766706232,0.43184246679896177
0.6604953996846844,0.7293700183228851
0.16689634992884392,0.3466585457014753
0.3842329857903305,0.9895544845934097
0.9090280356812177,0.7449797170273004
0.019796753332453353,0.4284227450156313
0.34068012845893286,0.6166561266545998
0.5865118120628218,0.38604793161349393
0.25454225507016837,0.271234489827071
0.7723373366767847,0.6539459624484808
0.5874796533368528,0.06319645855594604
0.5674495469699491,0.7422639945918831
0.09871980995116784,0.11452331491754618
0.33372926839998246,0.8577911174461315
0.1006554924992299,0.44100137383605537
0.484618383050296,0.6667030115358611
0.5023096212221195,0.46749678347907603
0.5430940023510563,0.7084658019292529
0.6494214948748406,0.424854339676504
0.5274734943469271,0.10735547462764705
0.5345123399762439,0.7685809839679473
0.768308416024423,0.8767493081373791
0.02086485723318113,0.24067690712939258
0.8462158872611555,0.7098807161393023
0.6513571774229028,0.8145539394203715
0.07065241300426714,0.6303944872102402
0.029868031875330506,0.2814812072514606
0.5964541815142318,0.2782820903718476
0.16379025467730235,0.6433797482669833
0.20245479741322406,0.4986311200629623
0.6832959394659277,0.21333711319972953
0.31358057278606316,0.4125433412565146
0.5702835897703474,0.786651222632947
0.805463903919757,0.49443824378948764
0.8023404161717476,0.6614693503718077
0.45972460516475305,0.8521708790370058
0.8240200607100432,0.21961750659659368
0.8712012932006808,0.5836464791797253
0.6664467027407507,0.9373219514419328
0.3377766046368397,0.5793662908607189
0.44639990669437196,0.020771853451402103
0.33042101095420356,0.7240116012822465
0.0409994037573583,0.4634253848341674
0.6427433900840264,0.6488431428135286
0.4276416965490001,0.5515346273034718
0.8563195635915707,0.3758333713302419
0.1887290484360562,0.1574023595089081
0.6534279075905971,0.06865072462371687
0.28662516368592134,0.4717769717980825
0.6862874488583873,0.18376395395171152
0.7492532926727674,0.22448648179655617
0.13079361961382488,0.39837137795908495
0.6590999076151512,0.28006629304141123
0.38850028595310376,0.36619867691459795
0.7403985746337599,0.32847765880890584
0.3952663763142844,0.0
0.914997140468963,0.9567786815535249
0.6754026561866077,0.9816385720827788
0.7371972534965805,0.8575303493636568
0.3298579033038582,0.3121819410935575
0.8631824380801545,0.18233659181606052
0.29163131532143,0.5142142187358837
0.08209053715190696,0.8048002981600901
0.1216684019376375,0.48775541356826624
0.3345230105666927,0.3714744123614621
0.5214413673366871,0.2744066362012138
0.673189875930115,0.491892643003959
0.5505666373040403,0.6681179257459104
0.09291276230698144,0.3075430141526919
0.4765691618063999,0.1322849617149336
0.9630020676609033,0.7560023551475233
0.05377146055023708,0.3152565787171545
0.4035898112709516,0.6182916457683665
0.5584444151159211,0.9355823538391081
0.44230346223219397,0.3732908825261136
0.8952531784787292,0.43315088208997515
0.7023704779082897,0.9853430228754604
0.7063735769556014,0.4360293957302046
0.8132812305738376,0.8953485836404469
0.2975144076371475,0.8135072071875609
0.4187741654813056,0.340078941055891
0.7965333685275613,0.4203938330025948
0.8671857815318283,0.8060492400287846
0.5325922993073581,0.5787338901367292
0.7283885442787382,0.15031015389739244
0.4703708591790946,0.2545521948666506
0.43359289076591445,0.42922563621693505
0.2535744137961373,0.3566085875656932
0.8431217280366017,0.7394092703205811
0.060974000263956545,0.908759840373334
0.35906911266552294,0.5149268377783106
0.5642514627601074,0.9797413699108094
0.5486340240200607,0.17809911047584673
0.2100215564647395,0.053383343873345784
0.0805507896704939,0.22939493722580268
0.3476233375987209,0.03738370036910588
0.2855131758391623,0.9581525176090889
0.22163565175311226,0.03081318010336521
0.1465399674453386,0.2645883348829463
0.27680260437288273,0.9172360959542469
0.2038185737539041,0.1758242520721531
0.294047776164709,0.23876200124101196
0.23766130261613821,0.7882487064184865
0.23342571818221788,0.28720310371966595
0.324779878956994,0.6779179997445471
0.5263931133898692,0.4340180875735538
0.045713619245513454,0.7827259767599068
0.9286437024328011,0.6768665945999828
0.05687755580177857,0.10712726265828408
0.45232599631438225,0.06544257147218566
0.657164225067089,0.6922171097106218
0.3554228269354524,0.4682498829779733
0.2487352074259819,0.18193514621540874
0.9610663851128415,0.5666092417733386
0.18679336588799408,0.8996009333362405
0.970204607374623,0.6116126421316821
0.31968218081799804,0.546001700939878
0.9111785667150585,0.3330571123274526
0.7742730192248469,0.743245306060143
0.4455982410374061,0.5071459425902629
0.19564808392700167,0.9440592146074822
0.0746997492411243,0.04776310546422017
0.2196999692050502,0.877357873389013
0.7154597808750062,0.5138466344566599
0.17495419123356776,0.7473987639025459
0.42659292248164327,0.8745128308376237
0.8342791782147724,0.9620777634821289
0.7615151115217103,0.14928423736239338
0.21278093371410464,0.09031823722126026
0.047072280146055925,0.5970298972893994
0.9580553233714115,0.35870205203131456
0.13259425454225474,0.99249841899819
0.9321661945115418,0.10288252002813614
0.7574237824996698,0.4274860386141105
0.4015190811032573,0.12839661820289658
0.40022541065170086,0.45459954703908717
0.6902058760037773,0.8035389083657939
0.4345607320399455,0.23983252284275022
0.9620987491384746,0.2105458272455677
0.3574035253567253,0.7575313753422541
0.46821790614094394,0.43839789443046756
0.3317495930667371,0.40134746950500255
0.4951334322634503,0.7522925191089794
0.9146100039593504,0.07693481911158627
0.5054927436344884,0.3746211047386439
0.953323654920593,0.29969252240661176
0.9000923848488845,0.7039928473297421
0.6995732699837226,0.9147071826052131
0.6708940663963668,0.2578384472254749
0.47257049843825616,0.4882827445794929
0.1937124013789395,0.45411336536940206
0.0029035238220930667,0.2480101184115838
0.7862371847612734,0.8284732510268967
0.876684964406578,0.4526317319783964
0.5102774307804218,0.8352603721072227
0.3284941269631781,0.6390032650908849
0.9571950200167172,0.8453016987591857
0.6193262400204462,0.6644600138941239
0.5741058466411509,0.5344935937211922
0.19066473098411826,0.6470767821706606
0.5153948352470195,0.06684693721787302
0.35673749505081176,0.21552276146994506
0.974220227882627,0.25870046607338615
0.5715733923984293,0.46399819476614895
0.5003739386740574,0.0779161305798463
0.16577738393760538,0.8331053990822396
0.9639699089349346,0.4037115380421744
0.012174424447022256,0.098472023441293
0.0040219181831957435,0.7939682055084278
0.9746622506289918,0.7899276944787985
0.0019356825480621178,0.43707612796301526
0.6653217443767795,0.12450506076342918
0.8681536228058594,0.5538521926859582
0.25067088997404413,0.6716813721553266
0.8033082574457786,0.30558039121617186
0.03806842344522158,0.3820292275053815
0.6803924156438345,0.04999335880117475
0.7811829557626965,0.5946336716110899
0.24970304870001303,0.7131233105561614
0.13893528357901014,0.055515158442324165
0.25772537748253715,0.21172340100747977
0.6033610487879988,0.7646111330281681
0.17363072456117168,0.33148701397823654
0.29067499596732804,0.32324399764485234
0.5384423621192791,0.4861417013760165
0.850345343363688,0.5277493076302415
0.08613787338876391,0.5155810454238172
0.8301282145283726,0.3091567263449417
0.8182658044080767,0.12698170399284733
0.7332736154674886,0.369219483881205
0.8333954970515272,0.2545521948666506
0.5795118437785506,0.8313351262341826
0.9310633056178785,0.355328616085354
0.8042760987198098,0.8544606057962791
0.8981567023008225,0.5116557995507771
0.46420972326392135,0.1541712119914666
0.729429706861408,0.7255816996314626
0.9541339406383864,0.7117976966819497
0.5472174563371608,0.5308895043286737
0.8841792736688854,0.3034808410980342
0.3726188905019578,0.8668905510609062
0.024288207210207927,0.10357041610721539
0.3035795462877422,0.9022177639182671
0.04161717478333548,0.13679481867544757
0.38634463947912545,0.17283571260063396
0.10982694076266702,0.3374963784933908
0.16482757697302824,0.2908607191922715
0.4195151995072809,0.01707481954772486
0.8152019513244269,0.038358374948208936
0.48329691708337613,0.9191835488584074
0.19660682624793693,0.5915756312216285
0.7223596606752236,0.30249030403952326
0.4866891132179904,0.7222041624848932
0.3982182922000792,0.3210360468412673
0.3962826096520171,0.7331868635104778
0.2998548238088954,0.23751305937231743
0.7539483524701949,0.5028239963364369
0.10567067001011812,0.7380711183184084
0.5919812406579276,0.5676133744385349
0.5016213785383642,0.9535948710120591
0.16959730232148876,0.5879698821056963
0.34147964951139326,0.03738370036910588
0.7305441907527165,0.6365499864202349
0.144538832216882,0.6803456343872809
0.2757897472256409,0.16737522257006227
0.9371929670200752,0.3997862921691343
0.9589463518459161,0.03207486627684232
0.10897012889886033,0.7081411185364777
0.20841635630293193,0.37977711198705183
0.9972141313010714,0.645068516840268
0.2874488583872245,0.14464531042152778
0.06774888918217396,0.49301088165383666
0.7391667766486295,0.5805260225959353
0.6584821365891739,0.603063918870828
0.809115305089965,0.24964563752535046
0.6286733975627998,0.5272341191094051
0.6920065109322072,0.12466224052241454
0.6174827328318157,0.17408465446932853
0.5845761295147597,0.3006738338748718
0.907931899168536,0.16971781843557138
0.652149047556201,0.3949243398945732
0.3455193348290881,0.3433162776774438
0.9760909687001806,0.4922164866557214
0.6416787646825921,0.32455241293586573
0.507576478387777,0.8647910009427685
0.7740425808262683,0.06894414001289731
0.6937621299874263,0.7030343570584183
0.06678104790814296,0.8492269446322258
0.9891337820597422,0.14366399895326776
0.9944569090669128,0.8703251411998163
0.7990849500681886,0.48315316190449736
0.22766777876335237,0.24254824527816754
0.2799480885134838,0.780093551693307
0.33470621162956865,0.9054662432614727
0.8533884163927344,0.6283177582890388
0.8857981137247337,0.1081858151007899
0.597618942874321,0.8537129399157002
0.524215882253847,0.2444518670713889
0.5756404786824264,0.20767745635953214
0.38570779154123497,0.662777765662821
0.7700092860446562,0.059350778477629346
0.345695305969821,0.7050633689314802
0.5039813470590824,0.33662551766657994
0.5555408912938279,0.9650216978869091
0.4982059742202279,0.024454281789039894
0.1451761911046588,0.06017703865360714
0.5144639069890212,0.5863723983201566
0.9846465179710526,0.012971153407727996
0.346720792962368,0.9152116812910895
0.3638696053847169,0.5107137405412475
0.23959698516420033,0.07581658046170849
0.09194492103295038,0.42628170181215497
0.9045628897813139,0.9145542509478217
0.7190180810347102,0.11337715863742424
0.11701876241133632,0.19033334668795962
0.0780080066869032,0.18154262162810464
0.17574581183320057,0.3763784234872244
0.3849588667458538,0.4202302810912182
0.18696933702872734,0.8560069147765679
0.04301266685286864,0.9494576415763663
0.9494995015939335,0.4774774391440621
0.4571998018411937,0.19294290094632546
0.008182658044080646,0.34706310328352746
0.7911984385780242,0.21635285088267492
0.8914659734933905,0.6021071174947447
0.3244027979411377,0.8171112965800794
0.5613058588826215,0.34978207300388425
0.5306409748801196,0.15231738190065156
0.3152216949463767,0.057863244054532546
0.4584133363418722,0.4311882591534551
0.8480315274806557,0.04144785787567145
0.8514899208703686,0.9192840503227893
0.38658946889231915,0.09361711407200647
0.6252254630240641,0.5441044987679086
0.308236405751196,0.018184128164018515
0.09555232941797541,0.6063969613046086
0.06979210964957289,0.6822731534989201
0.24348121193838504,0.9830591372558786
0.9328484350788693,0.945308240835641
0.6203862566539089,0.14464531042152778
0.9782624486793469,0.9789882704119122
0.4450134177994809,0.8638484855093003
0.906867273767102,0.5891794055433192
0.7052043464871762,0.9296944850295478
0.9120751815749832,0.7931052744712596
0.6503893361488716,0.23124604749547498
0.5475271655448507,0.889578472207078
0.2679976093676734,0.5826453072302707
0.7699387735194038,0.5474950010002737
0.7329614785280477,0.8622422335796746
0.981342659803792,0.778719715637743
0.46317516970695066,0.7276296540000052
0.22195826551112294,0.2137459929781713
0.015736382196282532,0.8112102114544485
0.5086921420562703,0.34584068334640755
0.4315896844080362,0.1506701064127056
0.4666500471700419,0.640883616459864
0.07688026120238012,0.5374258920216056
0.25031894769257845,0.48105672376776004
0.31916427244393464,0.6809697705744107
0.00466323522942215,0.21173133079712222
0.5850390101240788,0.6061176947998074
0.5493651422119155,0.7199742055271195
0.8390342244741429,0.2519922519059723
0.2235241225317095,0.5206551437475033
0.03581012713914913,0.19240246854351575
0.21398734509979367,0.9666492388586574
0.2206678104790815,0.3544675443622167
0.5676582640446967,0.07226377652266834
0.707491971316704,0.07987875351636635
0.15199716770259172,0.5543194838613201
0.7912908949598932,0.05281091218352718
0.7800092492148359,0.9213653047623651
0.49747041485196425,0.03130383583749489
0.6381440400296091,0.6531353138442659
0.4911354537855792,0.5607213729637784
0.784289051014238,0.3423225182835821
0.16205029331711346,0.24644570882450256
