Popu,pi,n,Method,mean,std,Measure
clust,eq,4,nMC,-0.03,0.293857,D
clust,eq,4,LP1,-0.11,0.23,D
clust,eq,4,LP2,-0.11,0.25,D
clust,eq,4,MAX,-0.34,0.31,D
clust,eq,4,SRS,-0.33,0.31,D
clust,eq,4,WAV,-0.09,0.24,D
clust,eq,4,nMC,-0.45,0.217193,I
clust,eq,4,LP1,-0.3,0.14,I
clust,eq,4,LP2,-0.28,0.14,I
clust,eq,4,MAX,-0.09,0.14,I
clust,eq,4,SRS,-0.09,0.15,I
clust,eq,4,WAV,-0.45,0.2,I
clust,eq,4,nMC,0.34,0.079333,L
clust,eq,4,LP1,0.38,0.07,L
clust,eq,4,LP2,0.38,0.08,L
clust,eq,4,MAX,0.53,0.15,L
clust,eq,4,SRS,0.53,0.15,L
clust,eq,4,WAV,0.36,0.07,L
clust,eq,8,nMC,-0.0,0.100382,D
clust,eq,8,LP1,-0.04,0.17,D
clust,eq,8,LP2,-0.04,0.17,D
clust,eq,8,MAX,-0.2,0.29,D
clust,eq,8,SRS,-0.2,0.28,D
clust,eq,8,WAV,-0.06,0.14,D
clust,eq,8,nMC,-0.39,0.128869,I
clust,eq,8,LP1,-0.33,0.1,I
clust,eq,8,LP2,-0.31,0.1,I
clust,eq,8,MAX,-0.06,0.13,I
clust,eq,8,SRS,-0.05,0.13,I
clust,eq,8,WAV,-0.5,0.1,I
clust,eq,8,nMC,0.2,0.042271,L
clust,eq,8,LP1,0.25,0.05,L
clust,eq,8,LP2,0.25,0.05,L
clust,eq,8,MAX,0.39,0.11,L
clust,eq,8,SRS,0.39,0.11,L
clust,eq,8,WAV,0.25,0.05,L
clust,eq,16,nMC,0.0,0.08137,D
clust,eq,16,LP1,-0.01,0.12,D
clust,eq,16,LP2,-0.01,0.12,D
clust,eq,16,MAX,-0.09,0.23,D
clust,eq,16,SRS,-0.1,0.23,D
clust,eq,16,WAV,-0.01,0.12,D
clust,eq,16,nMC,-0.48,0.084204,I
clust,eq,16,LP1,-0.39,0.09,I
clust,eq,16,LP2,-0.37,0.09,I
clust,eq,16,MAX,-0.04,0.13,I
clust,eq,16,SRS,-0.03,0.13,I
clust,eq,16,WAV,-0.61,0.06,I
clust,eq,16,nMC,0.16,0.033611,L
clust,eq,16,LP1,0.19,0.03,L
clust,eq,16,LP2,0.19,0.03,L
clust,eq,16,MAX,0.29,0.06,L
clust,eq,16,SRS,0.29,0.06,L
clust,eq,16,WAV,0.19,0.03,L
clust,uneq,4,nMC,-0.2,0.103173,D
clust,uneq,4,LP1,-0.32,0.29,D
clust,uneq,4,LP2,-0.32,0.31,D
clust,uneq,4,MAX,-0.46,0.33,D
clust,uneq,4,SRS,-0.34,0.31,D
clust,uneq,4,WAV,-0.27,0.34,D
clust,uneq,4,nMC,-0.28,0.058875,I
clust,uneq,4,LP1,-0.19,0.11,I
clust,uneq,4,LP2,-0.18,0.12,I
clust,uneq,4,MAX,-0.05,0.14,I
clust,uneq,4,SRS,-0.08,0.12,I
clust,uneq,4,WAV,-0.29,0.11,I
clust,uneq,4,nMC,0.63,0.038856,L
clust,uneq,4,LP1,0.65,0.89,L
clust,uneq,4,LP2,0.63,0.76,L
clust,uneq,4,MAX,0.79,1.04,L
clust,uneq,4,SRS,2.2,4.77,L
clust,uneq,4,WAV,0.63,0.79,L
clust,uneq,8,nMC,-0.01,0.121207,D
clust,uneq,8,LP1,-0.09,0.19,D
clust,uneq,8,LP2,-0.08,0.2,D
clust,uneq,8,MAX,-0.28,0.33,D
clust,uneq,8,SRS,-0.24,0.29,D
clust,uneq,8,WAV,-0.07,0.18,D
clust,uneq,8,nMC,-0.25,0.101285,I
clust,uneq,8,LP1,-0.2,0.09,I
clust,uneq,8,LP2,-0.18,0.1,I
clust,uneq,8,MAX,0.02,0.15,I
clust,uneq,8,SRS,-0.05,0.12,I
clust,uneq,8,WAV,-0.3,0.08,I
clust,uneq,8,nMC,0.4,0.625492,L
clust,uneq,8,LP1,0.45,0.53,L
clust,uneq,8,LP2,0.49,0.72,L
clust,uneq,8,MAX,0.6,0.74,L
clust,uneq,8,SRS,2.2,3.05,L
clust,uneq,8,WAV,0.48,0.67,L
clust,uneq,16,nMC,-0.03,0.128098,D
clust,uneq,16,LP1,-0.1,0.15,D
clust,uneq,16,LP2,-0.11,0.14,D
clust,uneq,16,MAX,-0.21,0.27,D
clust,uneq,16,SRS,-0.16,0.25,D
clust,uneq,16,WAV,-0.1,0.15,D
clust,uneq,16,nMC,-0.26,0.105843,I
clust,uneq,16,LP1,-0.2,0.08,I
clust,uneq,16,LP2,-0.18,0.09,I
clust,uneq,16,MAX,0.09,0.14,I
clust,uneq,16,SRS,-0.03,0.12,I
clust,uneq,16,WAV,-0.35,0.06,I
clust,uneq,16,nMC,0.29,0.41812,L
clust,uneq,16,LP1,0.36,0.48,L
clust,uneq,16,LP2,0.34,0.41,L
clust,uneq,16,MAX,0.45,0.41,L
clust,uneq,16,SRS,2.18,1.82,L
clust,uneq,16,WAV,0.34,0.44,L
grid,eq,4,nMC,0.0,0.0,D
grid,eq,4,LP1,-0.04,0.26,D
grid,eq,4,LP2,-0.04,0.29,D
grid,eq,4,MAX,-0.3,0.33,D
grid,eq,4,SRS,-0.31,0.33,D
grid,eq,4,WAV,0.05,0.22,D
grid,eq,4,nMC,-0.36,0.137355,I
grid,eq,4,LP1,-0.25,0.11,I
grid,eq,4,LP2,-0.23,0.11,I
grid,eq,4,MAX,-0.08,0.13,I
grid,eq,4,SRS,-0.08,0.13,I
grid,eq,4,WAV,-0.37,0.12,I
grid,eq,4,nMC,0.31,0.152782,L
grid,eq,4,LP1,0.38,0.1,L
grid,eq,4,LP2,0.37,0.1,L
grid,eq,4,MAX,0.49,0.15,L
grid,eq,4,SRS,0.49,0.15,L
grid,eq,4,WAV,0.35,0.1,L
grid,eq,8,nMC,0.02,0.152688,D
grid,eq,8,LP1,0.17,0.2,D
grid,eq,8,LP2,0.16,0.22,D
grid,eq,8,MAX,-0.11,0.33,D
grid,eq,8,SRS,-0.08,0.33,D
grid,eq,8,WAV,0.21,0.16,D
grid,eq,8,nMC,-0.39,0.080602,I
grid,eq,8,LP1,-0.31,0.09,I
grid,eq,8,LP2,-0.29,0.1,I
grid,eq,8,MAX,-0.06,0.13,I
grid,eq,8,SRS,-0.05,0.13,I
grid,eq,8,WAV,-0.47,0.08,I
grid,eq,8,nMC,0.17,0.032874,L
grid,eq,8,LP1,0.23,0.05,L
grid,eq,8,LP2,0.23,0.05,L
grid,eq,8,MAX,0.34,0.09,L
grid,eq,8,SRS,0.34,0.09,L
grid,eq,8,WAV,0.21,0.05,L
grid,eq,16,nMC,0.06,0.076553,D
grid,eq,16,LP1,0.16,0.12,D
grid,eq,16,LP2,0.17,0.12,D
grid,eq,16,MAX,0.03,0.25,D
grid,eq,16,SRS,0.01,0.26,D
grid,eq,16,WAV,0.14,0.08,D
grid,eq,16,nMC,-0.56,0.086772,I
grid,eq,16,LP1,-0.4,0.08,I
grid,eq,16,LP2,-0.37,0.09,I
grid,eq,16,MAX,-0.03,0.14,I
grid,eq,16,SRS,-0.02,0.13,I
grid,eq,16,WAV,-0.6,0.06,I
grid,eq,16,nMC,0.11,0.019686,L
grid,eq,16,LP1,0.15,0.02,L
grid,eq,16,LP2,0.15,0.02,L
grid,eq,16,MAX,0.24,0.05,L
grid,eq,16,SRS,0.24,0.05,L
grid,eq,16,WAV,0.14,0.02,L
grid,uneq,4,nMC,-0.04,0.149478,D
grid,uneq,4,LP1,-0.16,0.26,D
grid,uneq,4,LP2,-0.17,0.27,D
grid,uneq,4,MAX,-0.35,0.3,D
grid,uneq,4,SRS,-0.23,0.34,D
grid,uneq,4,WAV,-0.1,0.24,D
grid,uneq,4,nMC,-0.29,0.119496,I
grid,uneq,4,LP1,-0.19,0.1,I
grid,uneq,4,LP2,-0.19,0.11,I
grid,uneq,4,MAX,-0.05,0.14,I
grid,uneq,4,SRS,-0.07,0.12,I
grid,uneq,4,WAV,-0.29,0.1,I
grid,uneq,4,nMC,0.72,2.2,L
grid,uneq,4,LP1,0.73,1.44,L
grid,uneq,4,LP2,0.71,1.33,L
grid,uneq,4,MAX,0.78,1.52,L
grid,uneq,4,SRS,2.2,2.2,L
grid,uneq,4,WAV,1.0,2.2,L
grid,uneq,8,nMC,-0.02,0.16365,D
grid,uneq,8,LP1,-0.09,0.24,D
grid,uneq,8,LP2,-0.1,0.25,D
grid,uneq,8,MAX,-0.28,0.3,D
grid,uneq,8,SRS,-0.11,0.33,D
grid,uneq,8,WAV,-0.06,0.21,D
grid,uneq,8,nMC,-0.31,0.094298,I
grid,uneq,8,LP1,-0.22,0.1,I
grid,uneq,8,LP2,-0.21,0.11,I
grid,uneq,8,MAX,0.01,0.15,I
grid,uneq,8,SRS,-0.04,0.12,I
grid,uneq,8,WAV,-0.34,0.08,I
grid,uneq,8,nMC,0.54,2.2,L
grid,uneq,8,LP1,0.54,0.93,L
grid,uneq,8,LP2,0.53,0.96,L
grid,uneq,8,MAX,0.65,1.14,L
grid,uneq,8,SRS,2.2,2.2,L
grid,uneq,8,WAV,0.53,0.96,L
grid,uneq,16,nMC,-0.01,0.108536,D
grid,uneq,16,LP1,-0.12,0.18,D
grid,uneq,16,LP2,-0.13,0.19,D
grid,uneq,16,MAX,-0.25,0.25,D
grid,uneq,16,SRS,-0.04,0.28,D
grid,uneq,16,WAV,-0.1,0.16,D
grid,uneq,16,nMC,-0.32,0.081664,I
grid,uneq,16,LP1,-0.22,0.09,I
grid,uneq,16,LP2,-0.21,0.1,I
grid,uneq,16,MAX,0.09,0.15,I
grid,uneq,16,SRS,-0.02,0.13,I
grid,uneq,16,WAV,-0.36,0.06,I
grid,uneq,16,nMC,0.42,2.2,L
grid,uneq,16,LP1,0.44,0.77,L
grid,uneq,16,LP2,0.45,0.76,L
grid,uneq,16,MAX,0.55,2.2,L
grid,uneq,16,SRS,2.2,2.2,L
grid,uneq,16,WAV,0.49,2.2,L
random,eq,4,nMC,0.0,0.16111,D
random,eq,4,LP1,-0.01,0.27,D
random,eq,4,LP2,-0.03,0.29,D
random,eq,4,MAX,-0.27,0.34,D
random,eq,4,SRS,-0.28,0.34,D
random,eq,4,WAV,0.05,0.24,D
random,eq,4,nMC,-0.37,0.104291,I
random,eq,4,LP1,-0.25,0.11,I
random,eq,4,LP2,-0.24,0.11,I
random,eq,4,MAX,-0.09,0.13,I
random,eq,4,SRS,-0.08,0.13,I
random,eq,4,WAV,-0.37,0.12,I
random,eq,4,nMC,0.31,0.114923,L
random,eq,4,LP1,0.38,0.11,L
random,eq,4,LP2,0.38,0.1,L
random,eq,4,MAX,0.49,0.15,L
random,eq,4,SRS,0.49,0.15,L
random,eq,4,WAV,0.35,0.1,L
random,eq,8,nMC,0.01,0.093668,D
random,eq,8,LP1,0.09,0.22,D
random,eq,8,LP2,0.08,0.24,D
random,eq,8,MAX,-0.15,0.33,D
random,eq,8,SRS,-0.15,0.32,D
random,eq,8,WAV,0.11,0.18,D
random,eq,8,nMC,-0.44,0.086669,I
random,eq,8,LP1,-0.32,0.09,I
random,eq,8,LP2,-0.29,0.1,I
random,eq,8,MAX,-0.05,0.13,I
random,eq,8,SRS,-0.06,0.13,I
random,eq,8,WAV,-0.47,0.08,I
random,eq,8,nMC,0.19,0.06079,L
random,eq,8,LP1,0.23,0.05,L
random,eq,8,LP2,0.23,0.06,L
random,eq,8,MAX,0.35,0.09,L
random,eq,8,SRS,0.35,0.09,L
random,eq,8,WAV,0.21,0.05,L
random,eq,16,nMC,-0.0,0.161235,D
random,eq,16,LP1,0.04,0.13,D
random,eq,16,LP2,0.04,0.14,D
random,eq,16,MAX,-0.07,0.26,D
random,eq,16,SRS,-0.06,0.26,D
random,eq,16,WAV,0.03,0.11,D
random,eq,16,nMC,-0.55,0.075035,I
random,eq,16,LP1,-0.41,0.09,I
random,eq,16,LP2,-0.38,0.09,I
random,eq,16,MAX,-0.04,0.14,I
random,eq,16,SRS,-0.03,0.13,I
random,eq,16,WAV,-0.6,0.06,I
random,eq,16,nMC,0.12,0.086879,L
random,eq,16,LP1,0.15,0.03,L
random,eq,16,LP2,0.15,0.03,L
random,eq,16,MAX,0.24,0.05,L
random,eq,16,SRS,0.24,0.05,L
random,eq,16,WAV,0.14,0.03,L
random,uneq,4,nMC,-0.07,0.147418,D
random,uneq,4,LP1,-0.15,0.26,D
random,uneq,4,LP2,-0.17,0.28,D
random,uneq,4,MAX,-0.34,0.31,D
random,uneq,4,SRS,-0.2,0.35,D
random,uneq,4,WAV,-0.1,0.24,D
random,uneq,4,nMC,-0.31,0.125302,I
random,uneq,4,LP1,-0.2,0.1,I
random,uneq,4,LP2,-0.2,0.11,I
random,uneq,4,MAX,-0.06,0.14,I
random,uneq,4,SRS,-0.07,0.12,I
random,uneq,4,WAV,-0.3,0.1,I
random,uneq,4,nMC,0.64,1.82352,L
random,uneq,4,LP1,0.69,0.93,L
random,uneq,4,LP2,0.69,2.33,L
random,uneq,4,MAX,0.86,3.22,L
random,uneq,4,SRS,2.2,2.2,L
random,uneq,4,WAV,0.68,0.98,L
random,uneq,8,nMC,-0.04,0.129925,D
random,uneq,8,LP1,-0.11,0.25,D
random,uneq,8,LP2,-0.1,0.25,D
random,uneq,8,MAX,-0.25,0.31,D
random,uneq,8,SRS,-0.04,0.33,D
random,uneq,8,WAV,-0.08,0.23,D
random,uneq,8,nMC,-0.3,0.092372,I
random,uneq,8,LP1,-0.23,0.09,I
random,uneq,8,LP2,-0.22,0.1,I
random,uneq,8,MAX,-0.0,0.14,I
random,uneq,8,SRS,-0.05,0.12,I
random,uneq,8,WAV,-0.35,0.08,I
random,uneq,8,nMC,0.48,1.249413,L
random,uneq,8,LP1,0.5,0.55,L
random,uneq,8,LP2,0.5,0.56,L
random,uneq,8,MAX,0.61,1.23,L
random,uneq,8,SRS,2.2,2.2,L
random,uneq,8,WAV,0.53,0.63,L
random,uneq,16,nMC,-0.06,0.161235,D
random,uneq,16,LP1,-0.14,0.18,D
random,uneq,16,LP2,-0.15,0.18,D
random,uneq,16,MAX,-0.24,0.25,D
random,uneq,16,SRS,-0.01,0.28,D
random,uneq,16,WAV,-0.14,0.16,D
random,uneq,16,nMC,-0.37,0.075035,I
random,uneq,16,LP1,-0.27,0.09,I
random,uneq,16,LP2,-0.24,0.09,I
random,uneq,16,MAX,0.06,0.15,I
random,uneq,16,SRS,-0.03,0.13,I
random,uneq,16,WAV,-0.42,0.07,I
random,uneq,16,nMC,0.36,0.856879,L
random,uneq,16,LP1,0.39,0.83,L
random,uneq,16,LP2,0.39,0.64,L
random,uneq,16,MAX,0.44,0.34,L
random,uneq,16,SRS,2.2,2.2,L
random,uneq,16,WAV,0.39,0.85,L
swiss,eq,4,nMC,0.02,0.231293,D
swiss,eq,4,LP1,0.09,0.28,D
swiss,eq,4,LP2,0.1,0.31,D
swiss,eq,4,MAX,-0.08,0.37,D
swiss,eq,4,SRS,-0.07,0.37,D
swiss,eq,4,WAV,0.11,0.27,D
swiss,eq,4,nMC,-0.37,0.097463,I
swiss,eq,4,LP1,-0.24,0.1,I
swiss,eq,4,LP2,-0.23,0.11,I
swiss,eq,4,MAX,-0.08,0.13,I
swiss,eq,4,SRS,-0.09,0.13,I
swiss,eq,4,WAV,-0.37,0.12,I
swiss,eq,4,nMC,0.37,0.091998,L
swiss,eq,4,LP1,0.42,0.13,L
swiss,eq,4,LP2,0.42,0.13,L
swiss,eq,4,MAX,0.53,0.17,L
swiss,eq,4,SRS,0.52,0.17,L
swiss,eq,4,WAV,0.4,0.13,L
swiss,eq,8,nMC,0.01,0.091637,D
swiss,eq,8,LP1,0.08,0.22,D
swiss,eq,8,LP2,0.07,0.24,D
swiss,eq,8,MAX,-0.04,0.33,D
swiss,eq,8,SRS,-0.04,0.33,D
swiss,eq,8,WAV,0.08,0.21,D
swiss,eq,8,nMC,-0.43,0.079046,I
swiss,eq,8,LP1,-0.32,0.09,I
swiss,eq,8,LP2,-0.29,0.1,I
swiss,eq,8,MAX,-0.05,0.13,I
swiss,eq,8,SRS,-0.05,0.13,I
swiss,eq,8,WAV,-0.47,0.09,I
swiss,eq,8,nMC,0.2,0.044845,L
swiss,eq,8,LP1,0.25,0.06,L
swiss,eq,8,LP2,0.25,0.06,L
swiss,eq,8,MAX,0.36,0.1,L
swiss,eq,8,SRS,0.36,0.1,L
swiss,eq,8,WAV,0.23,0.06,L
swiss,eq,16,nMC,-0.0,0.115415,D
swiss,eq,16,LP1,0.05,0.14,D
swiss,eq,16,LP2,0.05,0.15,D
swiss,eq,16,MAX,-0.01,0.26,D
swiss,eq,16,SRS,-0.01,0.26,D
swiss,eq,16,WAV,0.05,0.15,D
swiss,eq,16,nMC,-0.55,0.060869,I
swiss,eq,16,LP1,-0.41,0.08,I
swiss,eq,16,LP2,-0.39,0.09,I
swiss,eq,16,MAX,-0.03,0.14,I
swiss,eq,16,SRS,-0.03,0.13,I
swiss,eq,16,WAV,-0.61,0.07,I
swiss,eq,16,nMC,0.12,0.016776,L
swiss,eq,16,LP1,0.15,0.03,L
swiss,eq,16,LP2,0.16,0.03,L
swiss,eq,16,MAX,0.25,0.05,L
swiss,eq,16,SRS,0.25,0.05,L
swiss,eq,16,WAV,0.15,0.03,L
swiss,uneq,4,nMC,0.13,0.288971,D
swiss,uneq,4,LP1,0.19,0.27,D
swiss,uneq,4,LP2,0.19,0.29,D
swiss,uneq,4,MAX,0.05,0.36,D
swiss,uneq,4,SRS,-0.05,0.35,D
swiss,uneq,4,WAV,0.22,0.25,D
swiss,uneq,4,nMC,-0.22,0.08252,I
swiss,uneq,4,LP1,-0.17,0.08,I
swiss,uneq,4,LP2,-0.17,0.08,I
swiss,uneq,4,MAX,-0.04,0.13,I
swiss,uneq,4,SRS,-0.06,0.1,I
swiss,uneq,4,WAV,-0.21,0.08,I
swiss,uneq,4,nMC,1.11,1.543722,L
swiss,uneq,4,LP1,1.19,1.57,L
swiss,uneq,4,LP2,1.22,1.63,L
swiss,uneq,4,MAX,1.23,1.54,L
swiss,uneq,4,SRS,2.2,3.84,L
swiss,uneq,4,WAV,1.15,1.45,L
swiss,uneq,8,nMC,0.11,0.184839,D
swiss,uneq,8,LP1,0.14,0.24,D
swiss,uneq,8,LP2,0.14,0.26,D
swiss,uneq,8,MAX,0.06,0.33,D
swiss,uneq,8,SRS,-0.06,0.33,D
swiss,uneq,8,WAV,0.15,0.24,D
swiss,uneq,8,nMC,-0.22,0.07223,I
swiss,uneq,8,LP1,-0.15,0.09,I
swiss,uneq,8,LP2,-0.15,0.09,I
swiss,uneq,8,MAX,-0.02,0.13,I
swiss,uneq,8,SRS,-0.03,0.1,I
swiss,uneq,8,WAV,-0.23,0.07,I
swiss,uneq,8,nMC,0.86,0.982896,L
swiss,uneq,8,LP1,0.89,0.92,L
swiss,uneq,8,LP2,0.97,1.01,L
swiss,uneq,8,MAX,1.0,0.99,L
swiss,uneq,8,SRS,2.2,1.93,L
swiss,uneq,8,WAV,0.89,0.95,L
swiss,uneq,16,nMC,0.0,0.146039,D
swiss,uneq,16,LP1,0.07,0.15,D
swiss,uneq,16,LP2,0.06,0.16,D
swiss,uneq,16,MAX,0.01,0.26,D
swiss,uneq,16,SRS,-0.14,0.25,D
swiss,uneq,16,WAV,0.06,0.16,D
swiss,uneq,16,nMC,-0.25,0.112527,I
swiss,uneq,16,LP1,-0.2,0.08,I
swiss,uneq,16,LP2,-0.18,0.08,I
swiss,uneq,16,MAX,-0.07,0.1,I
swiss,uneq,16,SRS,-0.02,0.11,I
swiss,uneq,16,WAV,-0.23,0.08,I
swiss,uneq,16,nMC,0.57,0.642213,L
swiss,uneq,16,LP1,0.76,0.58,L
swiss,uneq,16,LP2,0.75,0.58,L
swiss,uneq,16,MAX,0.78,0.57,L
swiss,uneq,16,SRS,2.2,0.88,L
swiss,uneq,16,WAV,0.73,0.58,L
random,eq,4,nMC,0.157984,0.079173,V
random,eq,4,GRZ,0.00514,0.178081,D
random,eq,4,GRZ,-0.391862,0.078949,I
random,eq,4,GRZ,0.422183,0.084517,L
random,eq,4,GRZ,0.148888,0.068053,V
random,eq,8,nMC,0.107392,0.050592,V
random,eq,8,GRZ,0.033949,0.162697,D
random,eq,8,GRZ,-0.477968,0.094206,I
random,eq,8,GRZ,0.237302,0.04977,L
random,eq,8,GRZ,0.102496,0.043633,V
random,eq,16,nMC,0.105314,0.043222,V
random,eq,16,GRZ,0.022700, 0.088284,D
random,eq,16,GRZ,-0.600125, 0.077446,I
random,eq,16,GRZ,0.123687, 0.027248,L
random,eq,16,GRZ,0.067392, 0.026525,V
clust,eq,4,nMC,0.159144,0.051305,V
clust,eq,4,GRZ,-0.047196,0.207146,D
clust,eq,4,GRZ,-0.499596,0.229305,I
clust,eq,4,GRZ,0.356458,0.07036,L
clust,eq,4,GRZ,0.145592,0.075854,V
clust,eq,8,nMC,0.138608,0.05523,V
clust,eq,8,GRZ,-0.00681,0.120618,D
clust,eq,8,GRZ,-0.577104,0.094576,I
clust,eq,8,GRZ,0.230568,0.057252,L
clust,eq,8,GRZ,0.138368,0.057845,V
clust,eq,16,nMC,0.200288,0.061802,V
clust,eq,16,GRZ,-0.007189,0.092783,D
clust,eq,16,GRZ,-0.655114,0.051272,I
clust,eq,16,GRZ,0.170615,0.038094,L
clust,eq,16,GRZ,0.148672,0.059327,V
grid,eq,4,nMC,0.1664,0.102328,V
grid,eq,4,GRZ,0.106631,0.152688,D
grid,eq,4,GRZ,-0.378741,0.080602,I
grid,eq,4,GRZ,0.256416,0.032874,L
grid,eq,4,GRZ,0.118144,0.035117,V
grid,eq,16,nMC,0.101525,0.028666,V
grid,eq,16,GRZ,0.132447,0.085666,D
grid,eq,16,GRZ,-0.651406,0.09632,I
grid,eq,16,GRZ,0.12584,0.017007,L
grid,eq,16,GRZ,0.0664,0.012939,V
grid,eq,8,nMC,0.132643,0.063873,V
grid,eq,8,GRZ,0.202905,0.127784,D
grid,eq,8,GRZ,-0.550326,0.071871,I
grid,eq,8,GRZ,0.197885,0.05141,L
grid,eq,8,GRZ,0.0672,0.034341,V
swiss,eq,4,nMC,0.184,0.078326,V
swiss,eq,4,GRZ,0.10581,0.261252,D
swiss,eq,4,GRZ,-0.469451,0.105974,I
swiss,eq,4,GRZ,0.400814,0.134138,L
swiss,eq,4,GRZ,0.140128,0.088215,V
swiss,eq,8,nMC,0.131904,0.045846,V
swiss,eq,8,GRZ,0.103186,0.145126,D
swiss,eq,8,GRZ,-0.536773,0.095364,I
swiss,eq,8,GRZ,0.2234,0.054127,L
swiss,eq,8,GRZ,0.090496,0.048119,V
swiss,eq,16,nMC,0.10592,0.027646,V
swiss,eq,16,GRZ,0.020251,0.127693,D
swiss,eq,16,GRZ,-0.64257,0.11683,I
swiss,eq,16,GRZ,0.142374,0.021817,L
swiss,eq,16,GRZ,0.08352,0.025855,V
random,uneq,4,nMC,0.183924,0.129522,V
random,uneq,4,GRZ,-0.094367,0.174691,D
random,uneq,4,GRZ,-0.331545,0.079968,I
random,uneq,4,GRZ,0.694449,1.787961,L
random,uneq,4,GRZ,0.12585,0.088571,V
random,uneq,8,nMC,0.132248,0.067047,V
random,uneq,8,GRZ,-0.134665,0.245001,D
random,uneq,8,GRZ,-0.359888,0.074276,I
random,uneq,8,GRZ,0.519341,1.256762,L
random,uneq,8,GRZ,0.104305,0.062197,V
random,uneq,16,nMC,0.105314,0.043222,V
random,uneq,16,GRZ,-0.118753,0.222348,D
random,uneq,16,GRZ,-0.425555,0.071392,I
random,uneq,16,GRZ,0.392556,0.848621,L
random,uneq,16,GRZ,0.084469,0.023684,V
clust,uneq,4,nMC,0.16368,0.06611,V
clust,uneq,4,GRZ,-0.274445,0.319825,D
clust,uneq,4,GRZ,-0.338947,0.093227,I
clust,uneq,4,GRZ,0.648449,0.965822,L
clust,uneq,4,GRZ,0.121366,0.065979,V
clust,uneq,8,nMC,0.146252,0.051832,V
clust,uneq,8,GRZ,-0.026826,0.140152,D
clust,uneq,8,GRZ,-0.324253,0.07236,I
clust,uneq,8,GRZ,0.447522,0.637704,L
clust,uneq,8,GRZ,0.163281,0.066247,V
clust,uneq,16,nMC,0.17365,0.045836,V
clust,uneq,16,GRZ,-0.058083,0.135441,D
clust,uneq,16,GRZ,-0.355587,0.052795,I
clust,uneq,16,GRZ,0.334763,0.417193,L
clust,uneq,16,GRZ,0.192426,0.048569,V
grid,uneq,4,nMC,0.202623,0.122454,V
grid,uneq,4,GRZ,-0.086507,0.151954,D
grid,uneq,4,GRZ,-0.325912,0.089114,I
grid,uneq,4,GRZ,0.768012,4.25214,L
grid,uneq,4,GRZ,0.145637,0.098887,V
grid,uneq,8,nMC,0.132643,0.063873,V
grid,uneq,8,GRZ,-0.059895,0.183464,D
grid,uneq,8,GRZ,-0.366409,0.076193,I
grid,uneq,8,GRZ,0.588694,2.97901,L
grid,uneq,8,GRZ,0.081089,0.035255,V
grid,uneq,16,nMC,0.128094,0.046588,V
grid,uneq,16,GRZ,-0.095119,0.192238,D
grid,uneq,16,GRZ,-0.375555,0.07166,I
grid,uneq,16,GRZ,0.443431,2.088649,L
grid,uneq,16,GRZ,0.101462,0.0441,V
swiss,uneq,4,nMC,0.106358,0.085284,V
swiss,uneq,4,GRZ,0.198617,0.285829,D
swiss,uneq,4,GRZ,-0.255954,0.081192,I
swiss,uneq,4,GRZ,1.154211,1.591395,L
swiss,uneq,4,GRZ,0.101669,0.072864,V
swiss,uneq,8,nMC,0.14451,0.084666,V
swiss,uneq,8,GRZ,0.150349,0.227671,D
swiss,uneq,8,GRZ,-0.273491,0.049093,I
swiss,uneq,8,GRZ,0.902453,1.014312,L
swiss,uneq,8,GRZ,0.129261,0.082354,V
swiss,uneq,16,nMC,0.104398,0.082841,V
swiss,uneq,16,GRZ,0.155336,0.178131,D
swiss,uneq,16,GRZ,-0.255843,0.054756,I
swiss,uneq,16,GRZ,0.926304,0.988973,L
swiss,uneq,16,GRZ,0.132005,0.063552,V
random,eq,4,BnM,0.157984,0.079173,V
random,eq,8,BnM,0.107392,0.050592,V
random,uneq,4,BnM,0.183924,0.129522,V
random,uneq,8,BnM,0.132248,0.067047,V
random,uneq,16,BnM,0.105314,0.043222,V
clust,eq,4,BnM,0.159144,0.051305,V
clust,eq,8,BnM,0.138608,0.05523,V
clust,eq,16,BnM,0.200288,0.061802,V
clust,uneq,4,BnM,0.16368,0.06611,V
clust,uneq,8,BnM,0.146252,0.051832,V
clust,uneq,16,BnM,0.17365,0.045836,V
grid,eq,8,BnM,0.118144,0.035117,V
grid,eq,16,BnM,0.101525,0.028666,V
grid,uneq,4,BnM,0.202623,0.122454,V
grid,uneq,8,BnM,0.132643,0.063873,V
grid,uneq,16,BnM,0.128094,0.046588,V
swiss,eq,4,BnM,0.184,0.078326,V
swiss,eq,8,BnM,0.131904,0.045846,V
swiss,eq,16,BnM,0.10592,0.027646,V
swiss,uneq,4,BnM,0.106358,0.085284,V
swiss,uneq,8,BnM,0.14451,0.084666,V
swiss,uneq,16,BnM,0.104398,0.082841,V
