z,x_for_pi,corr,n,N,Ppi_z_eff_vs_SRS,Ppi_y_eff_vs_SRS,ABC_z_eff_vs_SRS,ABC_y_eff_vs_SRS,Random_z_eff_vs_SRS,Random_y_eff_vs_SRS,ABC_z_over_Ppi_z,ABC_y_over_Ppi_y,Random_z_over_Ppi_z,Random_y_over_Ppi_y,same_pi_check,ABC_valid_percent,Random_valid_percent,time_seconds,completed_iterations,stopped_early,stopped_by_time,abc_eval_count,random_eval_count
z70,x75,0.6999999982521833,5,30,6.3161256336481975,2.9569650903004794,3.467742454980286,3.519578255618883,1.4081799117416627,2.6828021477411053,0.5490299997369299,1.1902670975602327,0.22294995277481477,0.9072823201536294,True,93.90443373388874,99.81947130883302,394.82105779647827,1000,False,False,45853,31020
z80,x75,0.7999999986741989,5,30,5.862891248969226,3.220260421374349,2.4735455853861854,3.3255100383718363,1.415326751703908,2.520979426252353,0.4218985958201199,1.0326835731355444,0.24140423071172287,0.7828495513963571,True,99.72326119386851,99.80980012894906,396.39770579338074,1000,False,False,46253,31020
z90,x75,0.8999999996584379,5,30,11.804755572716811,5.001451876652938,5.955244677665925,3.496196568478182,1.9101943828735335,2.6953944174944073,0.5044784401491298,0.6990363307899905,0.1618156658227114,0.5389223937306409,True,98.04207226894466,99.822695035461,405.11573004722595,1000,False,False,45303,31020
z70,x90,0.6999999982521833,5,30,15.68993071803792,6.075074101156077,4.922071942284839,7.05011198249177,1.9943502278183773,5.452645578406477,0.31370896600749054,1.1604981050601744,0.12711019976178567,0.8975438797312525,True,98.11605293958765,99.87427466150871,398.0639736652374,1000,False,False,44428,31020
z80,x90,0.7999999986741989,5,30,10.422058134016298,7.538584567681699,3.360264039951548,10.884517172773982,2.000411864000425,6.3854401693994784,0.3224184702044662,1.443840959141915,0.19194019437210105,0.8470343619642061,True,92.42634174171727,99.81947130883302,416.64169096946716,1000,False,False,49078,31020
z90,x90,0.8999999996584379,5,30,21.13372955450343,7.0645716754252135,7.629150941103448,7.758574544994342,3.1490840988166093,6.335974032695527,0.36099406502898757,1.0982370767053413,0.14900749490028203,0.8968659847752437,True,98.10595425782347,99.82591876208897,408.655398607254,1000,False,False,46303,31020
z70,equal,0.6999999982521833,5,30,8.542161976864392,2.067713580188977,11.56680205158384,1.9176956598427637,3.1107431972686843,1.420083764009643,1.3540836714301823,0.927447436732266,0.3641634524952614,0.6867893975334125,True,91.20095369247528,99.68729851708575,403.4538631439209,1000,False,False,48653,31020
z80,equal,0.7999999986741989,5,30,7.283316378458854,2.2184879963497814,10.442839039515562,2.2023488438351597,2.868698697319497,1.6440477638783,1.433802748209774,0.9927251567098058,0.3938725915853339,0.7410667835856474,True,90.84021752667192,99.63571889103804,413.019677400589,1000,False,False,48178,31020
z90,equal,0.8999999996584379,5,30,10.021972853272166,3.1505373402596053,21.432610712150264,3.7322976333574287,3.4694414117664154,1.8555458633148239,2.138562040222703,1.184654308223462,0.3461834773014423,0.5889617112622212,True,90.13461108967982,99.67440361057382,411.9474678039551,1000,False,False,49253,31020
