x,y,prob,y_synthetic
0.378326848902323,0.9589591518020716,0.01,2.8865163771982276
0.6768301819425987,0.3332498032469414,0.01,0.36470316627272636
0.0411060787254835,0.2837031269876766,0.01,1.2041473672182232
0.3601568991078503,0.6436634439270444,0.01,0.685438473295393
0.6590197606957886,0.8266324467349017,0.01,2.2130101141399416
0.131076889466316,0.8609961213106712,0.01,0.9264913339978925
0.3994487854284912,0.3019476755642962,0.01,0.25034416658266484
0.888139666953968,0.0648097203867357,0.01,1.8064796956369533
0.835154317795176,0.3606303935956861,0.01,-1.3398975480745452
0.8544302858613901,0.6798674077658774,0.01,1.1468141877190208
0.1625177754590541,0.5837266357233543,0.01,0.7251694272801362
0.1658603788441083,0.1121987973356239,0.01,0.5942813008838592
0.9908225266493776,0.8980568551560563,0.01,1.2590638278284798
0.6568165225993665,0.0750897646556844,0.01,-1.247775215389587
0.3232492941368007,0.4495798385433667,0.01,1.0495138520915561
0.7465928891423096,0.6783863319597757,0.01,0.18853551447278116
0.492683446425687,0.0208775303249745,0.01,1.0868956147070754
0.4461879590015016,0.8458105212696148,0.01,1.6104841990112964
0.1969514914138791,0.2973994106818365,0.01,0.41563121412455956
0.0191681699833888,0.8812100744752245,0.01,2.377571412975434
0.8419883167154896,0.8794919058613395,0.01,2.8496092587818938
0.9359694402000134,0.2618224320962309,0.01,0.11308255294816671
0.8423478993463187,0.5361770912729823,0.01,-0.4726018920362063
0.6635327040838052,0.5775806923696402,0.01,2.574251708409922
0.9559217791639194,0.4934028521067384,0.01,3.6902383618527352
0.2726485635927576,0.7034596528298966,0.01,0.19303976772933795
0.5475234657535604,0.3222335498615386,0.01,1.1133008053701765
0.2097795930922519,0.3774129276801983,0.01,-0.4228603212380375
0.7841032879701808,0.2551712612554003,0.01,0.32161654448412713
0.630322648584847,0.1932733257488069,0.01,3.724444156829517
0.1078295840770349,0.6487166393310821,0.01,1.1424823070086054
0.2910447366404067,0.0695051909630677,0.01,0.40037010067725415
0.537634436532215,0.8671750812509416,0.01,1.5123202357449101
0.6773933386966757,0.5091871083347544,0.01,-0.09795528320227698
0.5671057975411031,0.4642204501969634,0.01,1.3733064037592448
0.6135013532796904,0.9656321634947964,0.01,3.410946143367253
0.6724839549259148,0.736242618399215,0.01,2.8580696875151324
0.5038412137688375,0.6769462817623964,0.01,0.6526656587331412
0.3690272239218004,0.5083899923035533,0.01,-0.03322555161684315
0.44017336128847,0.5262838567074372,0.01,1.6176592792311641
0.0160576737433534,0.0004524533619755,0.01,0.03285825885970285
0.9415343860788318,0.7431385182184165,0.01,1.5478857670035353
0.3538020844467358,0.224469997815529,0.01,-0.19938248006286852
0.2646862134805863,0.9152456176756067,0.01,1.9767615525635258
0.0845165946370959,0.1600038338442591,0.01,0.2828320603706859
0.2524805521373533,0.1935448891998517,0.01,0.38595631115117085
0.8085226196330317,0.9779560570898616,0.01,1.7939666740615314
0.7519556555476015,0.9003457365775638,0.01,2.0370868657370123
0.5201650957518036,0.1163442256800669,0.01,-0.3902099928512899
0.1122574647298462,0.3052023031862076,0.01,-0.662442425316331
0.8026783099574276,0.4713820228903514,0.01,-1.3003508971522
0.5866485045783907,0.0707469511103728,0.01,0.9619937416741946
0.8370140938040923,0.7795236750420633,0.01,3.5090152935245724
0.1448788352588145,0.0349731776723355,0.01,1.1961010902119582
0.5534295614948178,0.745135448942697,0.01,1.2548250126087745
0.774571281911296,0.0756422486692491,0.01,-0.30736256413722673
0.1022580802296736,0.4732313618193687,0.01,0.17984272577890525
0.0795216699119447,0.9044655554467262,0.01,0.31386544113032744
0.4265320012893802,0.5747955813334293,0.01,1.3211131420216486
0.1454019886103252,0.2106480018321711,0.01,0.06046947020797022
0.5935893745962618,0.2724403841041858,0.01,1.2733998585878163
0.979774574723822,0.3921536870164416,0.01,0.9271394188653403
0.0037266179610477,0.966588855643868,0.01,-0.42056152950249037
0.868650950865353,0.1322765872046589,0.01,2.6765388405871673
0.3088514828563269,0.7985024847224167,0.01,-0.2732727517890119
0.9772716474553876,0.7831601105713027,0.01,0.48367415155796234
0.3907336200835966,0.3784023096839759,0.01,-0.006924531869989425
0.5099134330974191,0.9664159089781028,0.01,0.883065520976226
0.4100386208404393,0.0539730273879536,0.01,1.2194596432332954
0.647887926598946,0.0094498804621584,0.01,1.0181783152664696
0.4327084797156225,0.7515744074861895,0.01,0.6911169568066624
0.0417960525388848,0.8324769321523564,0.01,1.3502727875536638
0.9184537347176094,0.4350890541545247,0.01,3.5577008410794493
0.7645345988264988,0.7514529704495834,0.01,1.8826541513664155
0.8990805139236706,0.2755902770603634,0.01,1.3893828651187932
0.9402566317021036,0.0494256879075947,0.01,1.6960214258341293
0.0256735923248986,0.5947515244646382,0.01,-0.28347509996722187
0.6436472458197576,0.9001751017713504,0.01,4.339290144055277
0.2699802171519891,0.6145971159993615,0.01,2.401385250673699
0.9031131253530472,0.6377395648975029,0.01,0.9694716178613337
0.522650606207669,0.5702876341408732,0.01,1.6521632697020003
0.7157860052104619,0.7104240754179002,0.01,-0.672561334218686
0.9462016028649316,0.1580961865465057,0.01,1.4306013443711376
0.1963662504944154,0.462225521161439,0.01,0.6606880541331669
0.8176546213646549,0.6235506784987513,0.01,1.8239706751683116
0.6078377968268143,0.3607453178882527,0.01,0.31666916185681093
0.3955029674827175,0.8375548203756767,0.01,2.3192708203764063
0.9233029060712564,0.5055236888345752,0.01,0.4849530780689312
0.8485722785961689,0.9417016061046544,0.01,2.986285298415453
0.9999514209653722,0.3259526082399078,0.01,0.9104981512893465
0.9242031231509584,0.902015935855609,0.01,-0.030198988129460203
0.6247087669267212,0.6890724974473289,0.01,0.8134874712296679
0.4453494539467832,0.200159056963595,0.01,2.4312293350414644
0.7327258058698984,0.3943229488881303,0.01,-0.5102777751851979
0.1688788182945537,0.8103295247403297,0.01,-0.0996008179864003
0.3332953622637702,0.3172972443432104,0.01,0.9700763131253503
0.769206292136763,0.2005328071753978,0.01,-0.03204417677792859
0.4520978618400642,0.4561654910060723,0.01,0.4519692455542206
0.067823509973371,0.3430106106323084,0.01,-0.39960936082842785
0.1443984111263027,0.9014499132141416,0.01,1.6797950357390805
