Method,D,V,M,L,HT
Nmcs,-0.570478709565692,0.06355931112525769,-0.050589812803645204,0.4806837653951345,30.046797416984056
Nmcs,-0.23981146051552282,0.2498037892150955,-0.055949282056478755,0.39367913069511024,52.1899105784831
Nmcs,0.20954692084447735,0.028667498598512132,-0.12996879921562474,0.3059060139792851,38.764617360138736
Nmcs,-0.4174715890733641,0.09033929592737423,-0.1057408108411956,0.49782204447819606,27.64325297044849
Nmcs,0.24138206910925522,0.06972818397192394,-0.2537357491605888,1.2011889365297073,91.95121882518146
Nmcs,0.15309989307672378,0.09240766282056637,-0.10837919826804206,1.2049543646456362,88.2308853285657
Nmcs,-0.23952329778815368,0.187564758983052,-0.1639818981675589,0.4891984039422403,33.05257223468598
Nmcs,0.27214743356190196,0.08838138157326947,-0.2539412225716781,1.1881787444252898,90.95121780105288
Nmcs,0.05087300930806009,0.20662875967840036,-0.13443991092329846,0.40323109920283867,40.25933233471915
Nmcs,-0.26148960541541616,0.10218887865168672,-0.41360312044883596,0.36379910801885007,33.814741942181634
Nmcs,-0.16408185043401596,0.2753982285976536,-0.19973777403143989,0.8082232593589884,39.62875605720946
Nmcs,-0.1718493844652409,0.1583243449109601,-0.21577897227941237,0.38218698045799326,59.19182139166334
Nmcs,0.15824033227569448,0.08277074618418065,-0.27005734529972913,0.44032213998004804,26.845657022352015
Nmcs,-0.43175662596207387,0.2092643647147498,-0.270742408752866,0.3558267242579758,61.13826169239712
Nmcs,-0.37760330363902983,0.09392472755260457,-0.11113100924992779,0.4664726015296093,24.936407395559755
Nmcs,0.17363212445982337,0.020181547302984222,-0.13760697944804945,0.2788105448524203,34.27136351374131
Nmcs,-0.27010661804779984,0.1520139608409093,-0.23207047490612995,0.20853666759191067,47.61686705879829
Nmcs,0.21149228880621496,0.11055425980131058,-0.1050623264285201,1.3249272851741818,92.06325395201584
Nmcs,0.06241074139211415,0.05478138536594655,-0.34318243266110604,0.3932292730555542,34.705040048472725
Nmcs,0.15824033227569448,0.08277074618418065,-0.27005734529972913,0.44032213998004804,26.845657022352015
Nmcs,-0.499160948568938,0.08232075947374166,-0.03832206631252991,0.5112831891327008,32.841519790262986
Nmcs,0.06241074139211415,0.05478138536594655,-0.34318243266110604,0.3932292730555542,34.705040048472725
Nmcs,-0.20370614455023459,0.2602049578980491,-0.2679155106542819,6.939972100784501,266.5584034863989
Nmcs,-0.04701558353345002,0.3110209696396084,-0.12797826802592852,0.7190938415877544,75.51487983644324
Nmcs,-0.23981146051552282,0.2498037892150955,-0.055949282056478755,0.39367913069511024,52.1899105784831
Nmcs,0.06241074139211415,0.05478138536594655,-0.34318243266110604,0.3932292730555542,34.705040048472725
Nmcs,-0.570478709565692,0.06355931112525769,-0.050589812803645204,0.4806837653951345,30.046797416984056
Nmcs,-0.499160948568938,0.08232075947374166,-0.03832206631252991,0.5112831891327008,32.841519790262986
Nmcs,0.20954692084447735,0.09469442387121006,-0.05109675407161321,0.4524201731885616,32.67633785566741
Nmcs,0.07803227315789456,0.10167163450215078,-0.28996105465042493,0.37196642655160017,31.56449173791633
Nmcs,0.07038734561883678,0.2629858806767304,-0.29763221219108715,2.128433505011949,62.989536175984135
Nmcs,0.20954692084447735,0.09469442387121006,-0.05109675407161321,0.4524201731885616,32.67633785566741
Nmcs,0.15391939653116912,0.15350415028288017,-0.24019052139299715,0.5005851427235213,27.841674528404326
Nmcs,-0.07178468975677677,0.12372380109530715,-0.38018353635103247,0.34081245792149895,35.87743129431864
Nmcs,-0.2763332867139311,0.28999806456538113,-0.26476140679843274,0.4950997298189461,51.88486002171497
Nmcs,-0.27010661804779984,0.1520139608409093,-0.23207047490612995,0.20853666759191067,47.61686705879829
Nmcs,0.23918383895493955,0.13154632827453552,-0.32973992592931917,0.3114369551280884,36.5244671297633
Nmcs,0.15824033227569448,0.08277074618418065,-0.27005734529972913,0.44032213998004804,26.845657022352015
Nmcs,-0.24201211004569012,0.20520942232454975,-0.0602039623922664,0.48303840222425076,28.407069738218667
Nmcs,0.05776736800274648,0.0683544775769332,-0.08242232644220682,0.4055501308457672,32.86605282042136
Nmcs,0.18770792516270632,0.13101903269545828,-0.1161870464442096,0.5105036593166629,28.244087777939995
Nmcs,-0.16408185043401596,0.2753982285976536,-0.19973777403143989,0.8082232593589884,39.62875605720946
Nmcs,0.06827597199197702,0.21280941479300802,0.05837522899696445,0.5908285604345539,29.86873065247304
Nmcs,-0.0836646286301983,0.13957190278517653,-0.1581713697429619,0.3608786692603935,56.210743625789775
Nmcs,0.1249480571362607,0.1374995656712065,-0.02673419254187956,0.5460903639516484,31.423311050165413
Nmcs,0.15824033227569448,0.08277074618418065,-0.27005734529972913,0.44032213998004804,26.845657022352015
Nmcs,0.23918383895493955,0.13154632827453552,-0.32973992592931917,0.3114369551280884,36.5244671297633
Nmcs,-0.499160948568938,0.08232075947374166,-0.03832206631252991,0.5112831891327008,32.841519790262986
Nmcs,0.1249480571362607,0.1374995656712065,-0.02673419254187956,0.5460903639516484,31.423311050165413
Nmcs,-0.27010661804779984,0.1520139608409093,-0.23207047490612995,0.20853666759191067,47.61686705879829
Nmcs,-0.16565411332804464,0.03427752022499391,-0.14161708261444955,0.37170510921208383,37.97786480115631
Nmcs,0.17207988760448806,0.12770933925308736,-0.03540367409794908,0.5130278168821856,30.3304632876154
Nmcs,-0.499160948568938,0.08232075947374166,-0.03832206631252991,0.5112831891327008,32.841519790262986
Nmcs,-0.16565411332804464,0.03427752022499391,-0.14161708261444955,0.37170510921208383,37.97786480115631
Nmcs,-0.499160948568938,0.08232075947374166,-0.03832206631252991,0.5112831891327008,32.841519790262986
Nmcs,-0.261787385374251,0.11412172306719481,-0.09441835822212462,0.23494300636907414,53.86353077686444
Nmcs,0.2827376982947997,0.09469442387121006,-0.0270881143567327,0.4322571310431388,30.768154918355563
Nmcs,0.041648240955310535,0.04958928443464666,-0.08995549421371021,0.41728682121660915,32.108798351366225
Nmcs,-0.5344386851113117,0.10661213918923676,-0.13636604526418736,0.5149475498752303,33.91022287856313
Nmcs,-0.13713816647679927,0.266907570881715,-0.25880305985575675,0.6131573095564088,46.57353038513201
Nmcs,-0.3029538944772862,0.15271004216279593,-0.04632299954405907,0.4617090033021052,25.539596965721017
Nmcs,0.15391939653116912,0.15350415028288017,-0.24019052139299715,0.5005851427235213,27.841674528404326
Nmcs,-0.0836646286301983,0.13957190278517653,-0.1581713697429619,0.3608786692603935,56.210743625789775
Nmcs,-0.16408185043401596,0.2753982285976536,-0.19973777403143989,0.8082232593589884,39.62875605720946
Nmcs,-0.22242481605434847,0.41380466930748694,0.05556746918464201,1.3527313852018628,96.9745672851754
Nmcs,0.1355097517690262,0.37103398514475433,0.006450190288103255,1.7970290829394318,79.57567928698347
Nmcs,0.1249480571362607,0.1374995656712065,-0.02673419254187956,0.5460903639516484,31.423311050165413
Nmcs,0.15824033227569448,0.08277074618418065,-0.27005734529972913,0.44032213998004804,26.845657022352015
Nmcs,-0.22420664045850766,0.2710991931585258,-0.130082454953809,0.4934669604494853,50.95303027561634
Nmcs,0.15309989307672378,0.09240766282056637,-0.10837919826804206,1.2049543646456362,88.2308853285657
Nmcs,-0.570478709565692,0.06355931112525769,-0.050589812803645204,0.4806837653951345,30.046797416984056
Nmcs,-0.2563102159237933,0.2859650481348199,-0.1610422965608176,0.651308001787898,43.573969438373446
Nmcs,-0.1718493844652409,0.1583243449109601,-0.21577897227941237,0.38218698045799326,59.19182139166334
Nmcs,0.27214743356190196,0.08838138157326947,-0.2539412225716781,1.1881787444252898,90.95121780105288
Nmcs,-0.2977593017466359,0.17864918266813393,-0.3424190544646671,1.2197417622172784,88.75850921894961
Nmcs,-0.570478709565692,0.06355931112525769,-0.050589812803645204,0.4806837653951345,30.046797416984056
Nmcs,-0.499160948568938,0.08232075947374166,-0.03832206631252991,0.5112831891327008,32.841519790262986
Nmcs,0.1249480571362607,0.1374995656712065,-0.02673419254187956,0.5460903639516484,31.423311050165413
Nmcs,0.18770792516270632,0.13101903269545828,-0.1161870464442096,0.5105036593166629,28.244087777939995
Nmcs,-0.047515479207247566,0.36166513622193563,0.004491383068070867,1.5824300211237778,90.83125906996813
Nmcs,0.20954692084447735,0.09469442387121006,-0.05109675407161321,0.4524201731885616,32.67633785566741
Nmcs,-0.5373386127817003,0.054718936462232595,-0.058492976189920484,0.4922752081468178,33.63575055499928
Nmcs,-0.4174715890733641,0.09033929592737423,-0.1057408108411956,0.49782204447819606,27.64325297044849
Nmcs,-0.14489877642089946,0.14577911161779827,-0.08254008438581968,0.3661079796963322,56.91120994155689
Nmcs,0.23918383895493955,0.13154632827453552,-0.32973992592931917,0.3114369551280884,36.5244671297633
Nmcs,0.19510010726271998,0.03235523527524215,-0.05020331512473052,0.4129991359480785,31.97982743449241
Nmcs,-0.09954416642238634,0.054331089261437496,-0.12292561819301845,0.3790810000965625,37.251656270036044
Nmcs,-0.43175662596207387,0.2092643647147498,-0.270742408752866,0.3558267242579758,61.13826169239712
Nmcs,-0.26148960541541616,0.10218887865168672,-0.41360312044883596,0.36379910801885007,33.814741942181634
Nmcs,-0.499160948568938,0.08232075947374166,-0.03832206631252991,0.5112831891327008,32.841519790262986
Nmcs,0.23918383895493955,0.13154632827453552,-0.32973992592931917,0.3114369551280884,36.5244671297633
Nmcs,0.1355097517690262,0.37103398514475433,0.006450190288103255,1.7970290829394318,79.57567928698347
Nmcs,-0.16565411332804464,0.03427752022499391,-0.14161708261444955,0.37170510921208383,37.97786480115631
Nmcs,-0.22242481605434847,0.41380466930748694,0.05556746918464201,1.3527313852018628,96.9745672851754
Nmcs,-0.07178468975677677,0.12372380109530715,-0.38018353635103247,0.34081245792149895,35.87743129431864
Nmcs,-0.24201211004569012,0.20520942232454975,-0.0602039623922664,0.48303840222425076,28.407069738218667
Nmcs,-0.13713816647679927,0.266907570881715,-0.25880305985575675,0.6131573095564088,46.57353038513201
Nmcs,0.1355097517690262,0.37103398514475433,0.006450190288103255,1.7970290829394318,79.57567928698347
Nmcs,0.18770792516270632,0.13101903269545828,-0.1161870464442096,0.5105036593166629,28.244087777939995
Nmcs,-0.33489625350196206,0.22911583895147797,-0.31054367551145623,1.213040904711882,86.08920957559245
Wave,0.22814325058331134,0.06982327089979704,-0.3760883156494461,0.26630972837723643,36.93623120824407
Wave,0.07729221204292461,0.16971482596753037,-0.4089028937649921,0.6378013386117972,35.07545369065492
Wave,0.07070971158929974,0.09122461934636418,-0.3625866257228928,0.49741221697389915,37.43828372535691
Wave,-0.3272205963414504,0.0488284342363648,-0.2750661842437407,0.20081478073732956,52.0729334386249
Wave,-0.1045293200435369,0.12352651081107249,-0.23835409940923266,0.2807991641556829,51.69361121948217
Wave,-0.20496422857609436,0.10255682398473383,-0.39891513658086286,0.3874490016523535,32.70270892324247
Wave,-0.4533170330062626,0.1787120939493957,-0.5132766847502835,0.3054580556905634,34.42662637610148
Wave,-0.058093185982511605,0.09584159535218909,-0.3699783421448505,0.47361187244125924,39.10589173854714
Wave,-0.3317420577911293,0.027471990609700764,-0.37472954334298253,0.42376471580630837,34.50813508908186
Wave,-0.46809897198893197,0.04438540552634222,-0.3119680386609278,0.3149933244576596,41.093281468472945
Wave,-0.11477832268808622,0.2303665702821629,-0.3196085949322026,0.4456299021972202,69.21136402483685
Wave,0.26829222996176005,0.20119205987691008,-0.35104314100094436,0.5808343480662875,61.781698866006984
Wave,0.07112746001047798,0.19648332797021237,-0.22597480669182396,0.4940550887863897,56.01296878289179
Wave,-0.09754004197413932,0.13537226792617524,-0.3185611876018855,0.545459099489243,63.007655613811856
Wave,-0.4693737035314547,0.1100709403364506,-0.3673830720555382,0.20073795098683478,45.598617907531555
Wave,-0.4293377387913391,0.10861765593117712,-0.09055589167582459,0.28788840774436714,37.65160207501857
Wave,0.07839987479087261,0.012951697309839189,-0.3672896952458539,0.27810428669502874,39.26479808867412
Wave,0.3204984221652018,0.23196764426297026,-0.32871283319065053,8.586301948550894,280.8982119379358
Wave,-0.14131715451944105,0.07150395099568717,-0.1606876521787457,0.4131137296581486,29.41322311124095
Wave,-0.20737859296866473,0.1428852317726656,-0.39455991044242245,0.3300428194702593,33.430912724892124
Wave,0.12153021332921282,0.07561734973579892,-0.29123998759422653,0.36039323448977734,33.281670857169615
Wave,0.11621091612447923,0.033677540324300245,-0.2851424641954694,0.40522464715031453,36.117665860672325
Wave,-0.3702468401711936,0.12937064040538016,-0.22507145481096888,0.4296791165655125,25.5627786317053
Wave,-0.07594917401630814,0.059052659443758135,-0.3715879451747763,0.24128169144769943,52.32234251212506
Wave,0.20698882138105845,0.257752188874054,-0.3022193282088834,0.6082304527159414,65.24038010657806
Wave,-0.4775572572626007,0.18501053620729382,-0.33194846568396524,0.3669251144495202,47.48823964615202
Wave,-0.48916665709254376,0.07391501937242007,-0.14047060094882308,0.48077622659645014,32.11038090959624
Wave,-0.15294072382987972,0.183829060247016,-0.43788108344169463,0.6488667888818557,32.34134448461805
Wave,-0.29100359557354183,0.0828334715313954,-0.4229183870873161,0.3458685431202539,44.52472327041157
Wave,-0.3762341302894183,0.12545067957425443,-0.2257409393339177,0.5649952199233167,26.952451083945498
Wave,-0.04151718014796651,0.08887732387753375,-0.33191119485864273,0.40490552661482754,25.370194684041557
Wave,-0.24542641886850586,0.0949938446836192,-0.16134077850739661,0.4636900120043748,37.06996587774921
Wave,0.2333163954002328,0.16817806882058184,-0.3146297187905009,2.085465508957599,37.0466991198028
Wave,-0.08215368558141461,0.1434501025254629,-0.1779182586318908,0.38021984708919154,27.89045700369664
Wave,0.1591608223567066,0.061973898133530124,-0.391715642584103,0.2694599241303746,39.24607446678005
Wave,-0.1266840203460878,0.11672904661006896,-0.1961784497261788,1.3832136311858485,57.38074050880794
Wave,0.062067226406085856,0.14761074365315752,-0.33042003818167076,0.4121641614483362,49.64552963048617
Wave,-0.6922166890536305,0.13705798481248438,-0.19723143284261685,0.4715091760479552,28.300428891137145
Wave,0.0756166068292844,0.04996189906522915,-0.30994926968363545,0.2834678896301576,33.99415738838138
Wave,0.14963588846466044,0.0957448095540494,-0.2546639054285045,1.0657251177456173,78.98328291630284
Wave,-0.20583149876541612,0.16643836927484787,-0.26654163823344945,0.4009774070280099,23.564981192189194
Wave,-0.10239560898836138,0.03850480913077019,-0.31812984847871856,0.41591652665577983,27.77042092649611
Wave,-0.04934451741922839,0.19185933663511512,-0.36614832339692455,0.47509164504948254,26.81328364009683
Wave,-0.4641236931961898,0.05053487361005354,-0.287883367539417,0.4390278226613139,28.517443762568398
Wave,0.4098174038369258,0.13362600525946147,-0.2125290383712653,0.33421068812564086,51.5454197047068
Wave,-0.03392299155960782,0.09659194966735227,-0.37896834261856177,0.33510883098902505,53.137059204282906
Wave,0.09559609060732394,0.18581243808361042,-0.28099929500570675,0.512371799541766,23.192008212646034
Wave,-0.4591423638474862,0.021829331928109662,-0.3296169552343908,0.28280831454927313,41.087925793726356
Wave,-0.04266017377679164,0.06367560109244531,-0.41214672581375267,0.3827136855833762,28.56607859654447
Wave,0.13134309924738158,0.20855670148628488,-0.008895093593341164,0.49220740373682614,22.425300748538124
Wave,-0.10508057864471995,0.03934971765221316,-0.16642444617334293,0.3857255894483394,39.64042398830346
Wave,0.2922632679266327,0.3626401956195275,-0.2453524975367139,1.3322493576909782,85.7446098684531
Wave,-0.28969572791814235,0.07348249749174718,-0.23388707391844255,1.0502075897238623,73.16649065604773
Wave,-0.30504946512229225,0.0368490648722693,-0.3186555178687763,0.3002012275514723,36.663842500981964
Wave,-0.48609679953964624,0.01445242563576291,-0.12289570161947906,0.40775438726519475,36.79873179084373
Wave,0.17663952265218444,0.11037358919335531,-0.2708624983295622,1.081532291879166,84.68748922331834
Wave,0.6016832120751588,0.27177986957473677,-0.18618931381346895,6.843044702400735,290.2544809099519
Wave,-0.1615367817818761,0.0752657971376387,-0.42796662260198237,0.4612125831122991,37.68894894330187
Wave,0.2412299049827636,0.06353017544360341,-0.3382758048207278,0.41206267682605935,37.999461285044866
Wave,0.16463826583368035,0.18398585025031358,-0.403923515919873,0.6329724992066429,68.13878597024521
Wave,-0.4700703068902642,0.034184332485173295,-0.26472918142198715,0.4653726966980423,38.82899635933443
Wave,-0.16647500986507616,0.02351076038508044,-0.42593170799208074,0.4434194572160755,33.086510722358135
Wave,-0.10526510537476112,0.18266365958490416,-0.2365267468657691,0.35754573497052583,62.27415008291666
Wave,0.05280029695056106,0.12970976873844417,-0.34561212867078045,0.38690209602467174,55.76188557914659
Wave,0.07647796868036517,0.05980221516464153,-0.4139907817260305,0.23889950618573944,43.31171685431088
Wave,0.1508419048302696,0.0966041403956872,-0.35340775819173337,0.3481862123020643,54.08535647030564
Wave,-0.29601074489000034,0.017250942296711414,-0.37442462751314615,0.40451874466256194,34.107599311593646
Wave,0.28318046508344435,0.10391548165800694,-0.4859608919044245,0.3596594747655018,49.91116397929367
Wave,0.1399704949691268,0.13723050634313244,-0.3914895194195523,0.45620788219022845,64.61421892413922
Wave,0.10787417900269455,0.12194723675666572,-0.36719653792558293,0.42598758880185694,44.15072062711663
Wave,-0.02339649928375582,0.11741453468093224,-0.3756939610343932,0.385599959056753,41.918377074321356
Wave,-0.2376079251839955,0.009003250093437753,-0.47035661283665803,0.39905112556972794,36.35493558327486
Wave,0.13098570642747973,0.07161642371180241,-0.3254532196208663,0.3588295725320088,43.61407906750099
Wave,0.07069624642615191,0.1096947939975315,-0.19872203825365825,0.36646335858591517,33.236800006767574
Wave,-0.4135965788021416,0.14718818171351003,-0.2372994573833053,0.45771360347704865,27.296044540979686
Wave,-0.5305953316129156,0.058828355325864314,-0.29608764537463494,0.4660413714099506,34.470335018527955
Wave,0.09461916436553579,0.010230041897732875,-0.3932213040707656,0.23601612804516303,41.88179775084302
Wave,0.3221374083488163,0.107401264629098,-0.21090964086625258,0.5640686453562092,62.08802372367959
Wave,0.08745833583399593,0.11987938887020184,-0.34136363692057464,0.17395351611237794,41.88986048947114
Wave,0.07602349344560663,0.10184027815509948,-0.3640694585945127,1.13795844833608,82.78228501282418
Wave,-0.2777587489225294,0.11090314979408762,-0.4156462542898495,0.3728456780030635,29.975630216626243
Wave,-0.21337197590149876,0.07602261455079987,-0.275542051473717,0.42162000057021626,36.25389571730243
Wave,0.3093841085970883,0.169659396682804,-0.23599559236636422,0.5070683044516193,60.41743400276378
Wave,0.19226770099757215,0.12257245578646012,-0.07620542086952928,0.3453229171089429,35.522085313868786
Wave,-0.10052631737299955,0.14241526417536227,-0.3556640563742167,0.45516314770099914,53.269935963043885
Wave,-0.11750929327415635,0.08020023402462467,-0.42867131044019813,0.36672688690654764,34.28063596897775
Wave,-0.13957828525460222,0.10961941282921508,-0.20960333763753486,0.36673678619440836,28.7220820841683
Wave,-0.07044882836302073,0.11675563752428966,-0.49899497735083603,0.35550554655725825,28.591288574658673
Wave,0.09275578771097433,0.18462700560445705,-0.25555595985662266,0.45308767089629687,66.39271948638158
Wave,-0.13195934273569027,0.07148300940053001,-0.2698139956741011,0.3919109442341488,31.714718256406613
Wave,-0.3379588433787551,0.10307066967351937,-0.35835006593171714,0.2830519484232736,44.949801062742274
Wave,-0.1884617222310496,0.14640258672591125,-0.31549679729800856,0.4868466360325296,48.47344078066457
Wave,-0.2280308587096475,0.08281553104019138,-0.34896104792496213,0.44059908077259463,32.51288585115016
Wave,0.06343759037156205,0.08146620008196645,-0.3800725221203718,0.2918588866953215,37.505103467530326
Wave,0.294491461543213,0.3372101602365951,-0.23729152695292588,2.496830062274933,32.99039295228647
Wave,-0.05951903729783928,0.06069372008956658,-0.3833837038945162,0.3810165330795096,39.96651223589131
Wave,-0.40031036552813626,0.07552316535572799,-0.359015590008039,0.3379801981188276,40.43869306291344
Wave,-0.4004394730843175,0.05937572044493522,-0.31671027239065574,0.48242828492653955,29.8737623143517
Wave,0.05686448176648602,0.03170229825628419,-0.42342973869095757,0.3064886204373542,37.300995334558074
Wave,0.3786766865182166,0.1715337836021249,-0.15291171997112216,0.5756476238864311,38.394058064435285
Lopi,0.10478673410126677,0.08518411605227132,-0.16644351003770191,0.3937330303213486,58.431259625681896
Lopi,-0.48709777528581066,0.08927488995663986,-0.08965754182401635,0.4340182280028368,28.301332789590923
Lopi,-0.23523219541847623,0.05565472729582037,-0.2611365719233327,0.4400653290480047,37.00380792839921
Lopi,-0.5508713296912122,0.273457591240892,-0.10696584823650952,0.3496963322654452,34.52509649633237
Lopi,-0.179977663415642,0.05808922663149996,-0.1475723123310561,0.48084508064073056,51.521151469837356
Lopi,0.4203012130727012,0.1771208900374009,-0.04535066072396646,1.2756290313564056,83.17360106739825
Lopi,-0.26794566556961785,0.11689845214728514,-0.07932884806680532,0.5755874190810807,35.37060703025863
Lopi,-0.40883284269469666,0.12863709710817345,-0.011218378214614336,0.5785755728228881,34.69960589385594
Lopi,0.18001336674642116,0.1720875931061387,-0.28439989614675515,1.130649148983006,71.69683321291019
Lopi,-0.283713378374315,0.25547650517712295,-0.20886260510648977,0.4293523038424726,50.99603271198179
Lopi,0.31283063201686084,0.10839828091504089,-0.25581306368064866,1.0664282004237675,73.76289549166388
Lopi,-0.21253978831266207,0.12144936474023238,-0.17890712118140412,0.57008053563273,31.347758321624454
Lopi,0.29321571183430634,0.08917420226319155,-0.28750625598728907,0.2829552375717121,36.610684807746765
Lopi,-0.113971758007474,0.06007676763688452,-0.010932427757670761,1.1137424887408838,80.52055120548295
Lopi,-0.19771217135148061,0.18600851494589907,-0.2805665016548949,0.27561275820353576,50.51977141899433
Lopi,-0.2795604628851999,0.22578931253350953,-0.10227599836963489,1.1300399833481631,81.44001816274265
Lopi,0.21035605490098472,0.21161023435206722,-0.19691885132750353,0.2872748936253493,56.44306620463274
Lopi,0.1268715406622095,0.05696992247718119,-0.2957109104793227,0.2607592733876225,34.14783696623527
Lopi,-0.03931779830881736,0.17302294175963315,-0.2875294827304245,0.3182647876295909,47.42591931671747
Lopi,-0.6804921501874135,0.3286459368845021,-0.09606567090455127,0.39912620538328925,58.03116465680134
Lopi,0.18354286644304496,0.0876489854434561,-0.3003616259005657,0.3974270134716951,29.180177719024478
Lopi,0.06586993143680153,0.07837249886686769,-0.30488857216345555,0.3581041119781269,44.758031201510654
Lopi,-0.5140936566105895,0.12329138647632257,-0.038697159604405625,0.21064415114050725,47.80803324801325
Lopi,-0.4642792282791406,0.09342245233136182,-0.1943675515914895,0.2299181007152821,52.55287231287958
Lopi,-0.28220062436210536,0.1571482585669171,-0.12464419226005757,0.5013744552200889,23.918699609754874
Lopi,-0.1688156183046097,0.03373989157727591,-0.20283240571875652,0.22776629451769909,39.95406160891357
Lopi,0.11152460977394577,0.115261713293953,-0.18054010856005462,0.4600044147650484,50.85901648262716
Lopi,-0.5620408787889912,0.23752316110651722,-0.19657800549285526,0.4613093108486573,24.801601776280556
Lopi,-0.12266895510771957,0.26320786871066615,-0.025745396699968375,0.4958948873663294,28.746178989065616
Lopi,-0.442284254036017,0.11141416846383763,-0.19273539584849783,0.46591719610765386,40.074166940799955
Lopi,-0.3683937119008137,0.1125667123089968,-0.33238769444169886,0.4221003314245845,58.43288661475785
Lopi,0.10223737807156644,0.11818858252895337,-0.37594553281070153,0.2342195538128142,43.508438691636485
Lopi,-0.6347696682832555,0.012106069594320337,0.05195015558901507,0.3714856216479062,39.501731792132475
Lopi,-0.3075697848989416,0.012752874449361096,-0.17918083212312713,0.31590383534430544,44.393112138352215
Lopi,0.22604361444400337,0.05969797836516475,-0.21269468138821332,0.18565010917132388,45.568505787633676
Lopi,0.31585476367954113,0.04788447088184235,-0.22561360518467458,0.3611351859337461,33.769765734950795
Lopi,-0.3667154762230947,0.2054899278874483,-0.34609221300494697,0.31735225266954403,49.6317863194976
Lopi,-0.48455091858212473,0.06229797608101308,-0.11465406520869911,0.37175235680223023,33.54612787553756
Lopi,0.11581251413664681,0.15140929686478916,-0.19801731611207124,0.47482207369510054,34.60446436241493
Lopi,-0.09549909611883564,0.054563991798786994,-0.3110178712491895,0.4377042732939169,34.30372405410472
Lopi,-0.08320402225389525,0.22674600858647537,-0.20169265838350142,1.0795170459038494,69.39359189190981
Lopi,-0.4962058036670795,0.013385888740982222,-0.18290157369299112,0.39848221368600406,34.58608321311218
Lopi,-0.26393425274873233,0.4073954146986309,-0.1116132798958053,0.7073578428022897,70.92998900924482
Lopi,0.06331441367585797,0.013854745447640532,-0.1546567320582419,0.3368585044372117,33.29911077937122
Lopi,-0.47246770020446915,0.07496782331541726,-0.05133425944087988,0.5365981500651426,32.167592095306354
Lopi,-0.37997973491438786,0.2610830341504593,-0.24499874514976494,0.5988325117699848,69.52382813830997
Lopi,-0.4607552071705598,0.009471701907920241,-0.4823853289937822,0.3582437908458333,34.06260721118449
Lopi,0.38039602858950555,0.12676055989597712,-0.24488088853603862,0.6173431247888067,68.97899557536154
Lopi,-0.21866774286908858,0.12598171319951354,-0.28422413634932714,0.5115047470807624,35.31282681503883
Lopi,0.24651996901834644,0.0454854799452402,-0.18701846157798138,0.399703828283109,54.23931061173899
Lopi,-0.33497903173433946,0.04526384043407738,-0.2310512153196435,0.1812700308443266,48.14411696596312
Lopi,0.46411609677239424,0.13822334558575056,-0.22779654423421755,0.5980720562693647,60.22823120280794
Lopi,0.23230837060809345,0.21599067933704572,-0.08191239930198634,0.4794153988890511,43.33417538059005
Lopi,0.1399130776538446,0.06439431251230929,-0.3862915893572092,0.18866998411936756,40.81232870136118
Lopi,-0.1845742012161413,0.04506425921259728,-0.3309958827617165,0.3673679390887988,37.142292785915814
Lopi,-0.0808954945535924,0.2271816134216682,-0.12174416177291675,0.34973672654391286,48.6626075800618
Lopi,-0.3553990107967547,0.011580960623590836,-0.2619584900158284,0.3215300751621801,41.281657671641575
Lopi,-0.31151713996216157,0.05940667665505152,-0.2724756472251145,0.31407080223207273,36.295963191261855
Lopi,-0.12995895335143434,0.11053419198936724,-0.3316128210921161,0.4395660444665038,39.07970605642318
Lopi,-0.19966581727051655,0.11007284742408188,-0.19422044091457147,0.3268723482812065,39.46160025801619
Lopi,-0.4651431878797706,0.04311687635300047,-0.19235412101964858,0.42022098151569026,32.01534477434385
Lopi,-0.6301143794042501,0.053071667836857864,-0.28892680152741995,0.438050664554633,28.11541674687063
Lopi,-0.14917153577677256,0.1122787474081289,-0.2545254550520233,0.36511131182653117,50.25035233160261
Lopi,-0.054495769929223274,0.09001026820277826,-0.1460386620330174,0.42418710764918444,29.103601802648008
Lopi,-0.12279673867496677,0.05442482995884705,-0.2972454225273016,0.31604997234340343,38.68620220346391
Lopi,0.04388414162229932,0.1086604289397481,-0.1294331506210483,0.4471821102425996,27.040865106939727
Lopi,-0.31722955255768154,0.2179380267176004,-0.35254091294591366,0.39245403568905834,54.26774437626329
Lopi,0.09818638849568606,0.09822268821135169,-0.33801932702927834,0.2615097285605988,33.79738063828882
Lopi,0.21054137903149722,0.09471233243208291,-0.2389590587402631,0.633904124773452,63.47743373151374
Lopi,0.3702826283967479,0.08301601683279787,-0.17641171257123647,1.2463690734774686,93.91282303528742
Lopi,0.11352936587266058,0.0711039867509979,-0.11613410975938847,0.3873572503584843,29.106005282677966
Lopi,0.4165552926450817,0.13105213653865597,-0.22097472542916105,0.29380072476432023,46.17963677938007
Lopi,0.25620629529762906,0.21510618282219235,0.09046354659887375,1.9722618083497006,29.005240615903286
Lopi,-0.18470123804956354,0.14178367857217342,-0.1510077668664632,1.2576669116351553,92.89209092260076
Lopi,-0.16890756719620487,0.06723413968420291,-0.0876403315753727,0.1791139731425046,42.628881537732546
Lopi,-0.12683951610619126,0.131121928976227,-0.13195676157018152,0.62134625247299,66.97648100324388
Lopi,-0.34369288207596665,0.12389476335540887,-0.04100690393918463,0.4686242355517544,28.07916191228156
Lopi,-0.2848893645793765,0.04296954165716481,-0.1948258136791332,0.37071379415219474,34.91361716742225
Lopi,-0.35574052631079167,0.043342213398289496,0.025091521688484712,0.16836958290285942,45.16201787421058
Lopi,-0.5895536789208065,0.049424387999947327,0.01718225905640377,0.45513892209054785,25.81918166836402
Lopi,0.2840969213191979,0.07897267380983924,-0.2743445758655661,0.36537099783692106,37.10004448892368
Lopi,0.07671625133595278,0.029750533754284814,-0.2338068258651689,0.32409678356760513,35.42996686004324
Lopi,0.42407420948548136,0.20689603151235256,-0.24951573999742488,2.0452530237155844,59.21203771038233
Lopi,-0.1681252711149378,0.03538230916945301,-0.061272011202155745,0.2003420608156811,49.42395038604867
Lopi,-0.3552620795950646,0.04410214393923625,-0.29872788085097357,0.433551002790096,35.31407515207789
Lopi,0.11104934706741652,0.12951628534888843,-0.22329209924959112,0.257080799074834,48.197093716159706
Lopi,-0.17447963411939754,0.04103158913716282,-0.3708712619084117,0.36470653364003247,31.237345559959344
Lopi,-0.4042701784610761,0.15186491097020172,-0.09236224406979925,0.44915220143397877,39.539653787586744
Lopi,-0.4011978459478495,0.09161247210487293,-0.20794736131629474,0.47943783548840363,48.23473745160173
Lopi,0.2609048439309575,0.23792917491366908,-0.03181587636784214,0.4011351755565077,30.800710098451827
Lopi,0.2560065166489258,0.16997492940378317,-0.10506065318454264,0.41739479663313017,61.141340371631806
Lopi,0.1841210531157721,0.14690079701003253,-0.245775183349507,6.356309694905924,267.71481129531276
Lopi,-0.41669041450977007,0.05405501465233353,-0.21303990463276953,0.3087089216115071,46.246978686034275
Lopi,0.276960863420904,0.19947734569556178,-0.18605826258212196,0.36017693287251185,53.49935044330024
Lopi,0.2691904308559342,0.2792514459716019,0.01453161523986452,1.1852783912672495,90.87699787261731
Lopi,-0.12152709644293949,0.09131807133657535,-0.19631478299738025,0.584275283106652,31.815033937518603
Lopi,0.215449559977106,0.1821862333935634,-0.24270470053997317,2.5180544861644245,22.209124208507774
Lopi,-0.17007410927349925,0.1682923106811418,-0.030675287827076306,0.5056305997888403,31.356352681042605
Lopi,0.4892905430720165,0.20362825055652706,-0.029209438951362583,7.385199913876372,317.7385628801454
Lopi,-0.438586318830058,0.09999290305637118,-0.2747105754836438,0.309102715983664,32.12774193336696
Scps,-0.9643059092931108,1.9721522630525295e-31,-0.04608426114173678,1133.4870378775956,0.0
Scps,-0.9643059092931108,1.9721522630525295e-31,-0.04608426114173678,1133.4870378775956,0.0
Scps,-0.9643059092931108,1.9721522630525295e-31,-0.04608426114173678,1133.4870378775956,0.0
Scps,-0.9643059092931108,1.9721522630525295e-31,-0.04608426114173678,1133.4870378775956,0.0
Scps,-0.9643059092931108,1.9721522630525295e-31,-0.04608426114173678,1133.4870378775956,0.0
Scps,-0.9643059092931108,1.9721522630525295e-31,-0.04608426114173678,1133.4870378775956,0.0
Scps,-0.9643059092931108,1.9721522630525295e-31,-0.04608426114173678,1133.4870378775956,0.0
Scps,-0.9643059092931108,1.9721522630525295e-31,-0.04608426114173678,1133.4870378775956,0.0
Scps,-0.9643059092931108,1.9721522630525295e-31,-0.04608426114173678,1133.4870378775956,0.0
Scps,-0.9643059092931108,1.9721522630525295e-31,-0.04608426114173678,1133.4870378775956,0.0
Scps,-0.9643059092931108,1.9721522630525295e-31,-0.04608426114173678,1133.4870378775956,0.0
Scps,-0.9643059092931108,1.9721522630525295e-31,-0.04608426114173678,1133.4870378775956,0.0
Scps,-0.9643059092931108,1.9721522630525295e-31,-0.04608426114173678,1133.4870378775956,0.0
Scps,-0.9643059092931108,1.9721522630525295e-31,-0.04608426114173678,1133.4870378775956,0.0
Scps,-0.9643059092931108,1.9721522630525295e-31,-0.04608426114173678,1133.4870378775956,0.0
Scps,-0.9643059092931108,1.9721522630525295e-31,-0.04608426114173678,1133.4870378775956,0.0
Scps,-0.9643059092931108,1.9721522630525295e-31,-0.04608426114173678,1133.4870378775956,0.0
Scps,-0.9643059092931108,1.9721522630525295e-31,-0.04608426114173678,1133.4870378775956,0.0
Scps,-0.9643059092931108,1.9721522630525295e-31,-0.04608426114173678,1133.4870378775956,0.0
Scps,-0.9643059092931108,1.9721522630525295e-31,-0.04608426114173678,1133.4870378775956,0.0
Scps,-0.9643059092931108,1.9721522630525295e-31,-0.04608426114173678,1133.4870378775956,0.0
Scps,-0.9643059092931108,1.9721522630525295e-31,-0.04608426114173678,1133.4870378775956,0.0
Scps,-0.9643059092931108,1.9721522630525295e-31,-0.04608426114173678,1133.4870378775956,0.0
Scps,-0.9643059092931108,1.9721522630525295e-31,-0.04608426114173678,1133.4870378775956,0.0
Scps,-0.9643059092931108,1.9721522630525295e-31,-0.04608426114173678,1133.4870378775956,0.0
Scps,-0.9643059092931108,1.9721522630525295e-31,-0.04608426114173678,1133.4870378775956,0.0
Scps,-0.9643059092931108,1.9721522630525295e-31,-0.04608426114173678,1133.4870378775956,0.0
Scps,-0.9643059092931108,1.9721522630525295e-31,-0.04608426114173678,1133.4870378775956,0.0
Scps,-0.9643059092931108,1.9721522630525295e-31,-0.04608426114173678,1133.4870378775956,0.0
Scps,-0.9643059092931108,1.9721522630525295e-31,-0.04608426114173678,1133.4870378775956,0.0
Scps,-0.9643059092931108,1.9721522630525295e-31,-0.04608426114173678,1133.4870378775956,0.0
Scps,-0.9643059092931108,1.9721522630525295e-31,-0.04608426114173678,1133.4870378775956,0.0
Scps,-0.9643059092931108,1.9721522630525295e-31,-0.04608426114173678,1133.4870378775956,0.0
Scps,-0.9643059092931108,1.9721522630525295e-31,-0.04608426114173678,1133.4870378775956,0.0
Scps,-0.9643059092931108,1.9721522630525295e-31,-0.04608426114173678,1133.4870378775956,0.0
Scps,-0.9643059092931108,1.9721522630525295e-31,-0.04608426114173678,1133.4870378775956,0.0
Scps,-0.9643059092931108,1.9721522630525295e-31,-0.04608426114173678,1133.4870378775956,0.0
Scps,-0.9643059092931108,1.9721522630525295e-31,-0.04608426114173678,1133.4870378775956,0.0
Scps,-0.9643059092931108,1.9721522630525295e-31,-0.04608426114173678,1133.4870378775956,0.0
Scps,-0.9643059092931108,1.9721522630525295e-31,-0.04608426114173678,1133.4870378775956,0.0
Scps,-0.9643059092931108,1.9721522630525295e-31,-0.04608426114173678,1133.4870378775956,0.0
Scps,-0.9643059092931108,1.9721522630525295e-31,-0.04608426114173678,1133.4870378775956,0.0
Scps,-0.9643059092931108,1.9721522630525295e-31,-0.04608426114173678,1133.4870378775956,0.0
Scps,-0.9643059092931108,1.9721522630525295e-31,-0.04608426114173678,1133.4870378775956,0.0
Scps,-0.9643059092931108,1.9721522630525295e-31,-0.04608426114173678,1133.4870378775956,0.0
Scps,-0.9643059092931108,1.9721522630525295e-31,-0.04608426114173678,1133.4870378775956,0.0
Scps,-0.9643059092931108,1.9721522630525295e-31,-0.04608426114173678,1133.4870378775956,0.0
Scps,-0.9643059092931108,1.9721522630525295e-31,-0.04608426114173678,1133.4870378775956,0.0
Scps,-0.9643059092931108,1.9721522630525295e-31,-0.04608426114173678,1133.4870378775956,0.0
Scps,-0.9643059092931108,1.9721522630525295e-31,-0.04608426114173678,1133.4870378775956,0.0
Scps,-0.9643059092931108,1.9721522630525295e-31,-0.04608426114173678,1133.4870378775956,0.0
Scps,-0.9643059092931108,1.9721522630525295e-31,-0.04608426114173678,1133.4870378775956,0.0
Scps,-0.9643059092931108,1.9721522630525295e-31,-0.04608426114173678,1133.4870378775956,0.0
Scps,-0.9643059092931108,1.9721522630525295e-31,-0.04608426114173678,1133.4870378775956,0.0
Scps,-0.9643059092931108,1.9721522630525295e-31,-0.04608426114173678,1133.4870378775956,0.0
Scps,-0.9643059092931108,1.9721522630525295e-31,-0.04608426114173678,1133.4870378775956,0.0
Scps,-0.9643059092931108,1.9721522630525295e-31,-0.04608426114173678,1133.4870378775956,0.0
Scps,-0.9643059092931108,1.9721522630525295e-31,-0.04608426114173678,1133.4870378775956,0.0
Scps,-0.9643059092931108,1.9721522630525295e-31,-0.04608426114173678,1133.4870378775956,0.0
Scps,-0.9643059092931108,1.9721522630525295e-31,-0.04608426114173678,1133.4870378775956,0.0
Scps,-0.9643059092931108,1.9721522630525295e-31,-0.04608426114173678,1133.4870378775956,0.0
Scps,-0.9643059092931108,1.9721522630525295e-31,-0.04608426114173678,1133.4870378775956,0.0
Scps,-0.9643059092931108,1.9721522630525295e-31,-0.04608426114173678,1133.4870378775956,0.0
Scps,-0.9643059092931108,1.9721522630525295e-31,-0.04608426114173678,1133.4870378775956,0.0
Scps,-0.9643059092931108,1.9721522630525295e-31,-0.04608426114173678,1133.4870378775956,0.0
Scps,-0.9643059092931108,1.9721522630525295e-31,-0.04608426114173678,1133.4870378775956,0.0
Scps,-0.9643059092931108,1.9721522630525295e-31,-0.04608426114173678,1133.4870378775956,0.0
Scps,-0.9643059092931108,1.9721522630525295e-31,-0.04608426114173678,1133.4870378775956,0.0
Scps,-0.9643059092931108,1.9721522630525295e-31,-0.04608426114173678,1133.4870378775956,0.0
Scps,-0.9643059092931108,1.9721522630525295e-31,-0.04608426114173678,1133.4870378775956,0.0
Scps,-0.9643059092931108,1.9721522630525295e-31,-0.04608426114173678,1133.4870378775956,0.0
Scps,-0.9643059092931108,1.9721522630525295e-31,-0.04608426114173678,1133.4870378775956,0.0
Scps,-0.9643059092931108,1.9721522630525295e-31,-0.04608426114173678,1133.4870378775956,0.0
Scps,-0.9643059092931108,1.9721522630525295e-31,-0.04608426114173678,1133.4870378775956,0.0
Scps,-0.9643059092931108,1.9721522630525295e-31,-0.04608426114173678,1133.4870378775956,0.0
Scps,-0.9643059092931108,1.9721522630525295e-31,-0.04608426114173678,1133.4870378775956,0.0
Scps,-0.9643059092931108,1.9721522630525295e-31,-0.04608426114173678,1133.4870378775956,0.0
Scps,-0.9643059092931108,1.9721522630525295e-31,-0.04608426114173678,1133.4870378775956,0.0
Scps,-0.9643059092931108,1.9721522630525295e-31,-0.04608426114173678,1133.4870378775956,0.0
Scps,-0.9643059092931108,1.9721522630525295e-31,-0.04608426114173678,1133.4870378775956,0.0
Scps,-0.9643059092931108,1.9721522630525295e-31,-0.04608426114173678,1133.4870378775956,0.0
Scps,-0.9643059092931108,1.9721522630525295e-31,-0.04608426114173678,1133.4870378775956,0.0
Scps,-0.9643059092931108,1.9721522630525295e-31,-0.04608426114173678,1133.4870378775956,0.0
Scps,-0.9643059092931108,1.9721522630525295e-31,-0.04608426114173678,1133.4870378775956,0.0
Scps,-0.9643059092931108,1.9721522630525295e-31,-0.04608426114173678,1133.4870378775956,0.0
Scps,-0.9643059092931108,1.9721522630525295e-31,-0.04608426114173678,1133.4870378775956,0.0
Scps,-0.9643059092931108,1.9721522630525295e-31,-0.04608426114173678,1133.4870378775956,0.0
Scps,-0.9643059092931108,1.9721522630525295e-31,-0.04608426114173678,1133.4870378775956,0.0
Scps,-0.9643059092931108,1.9721522630525295e-31,-0.04608426114173678,1133.4870378775956,0.0
Scps,-0.9643059092931108,1.9721522630525295e-31,-0.04608426114173678,1133.4870378775956,0.0
Scps,-0.9643059092931108,1.9721522630525295e-31,-0.04608426114173678,1133.4870378775956,0.0
Scps,-0.9643059092931108,1.9721522630525295e-31,-0.04608426114173678,1133.4870378775956,0.0
Scps,-0.9643059092931108,1.9721522630525295e-31,-0.04608426114173678,1133.4870378775956,0.0
Scps,-0.9643059092931108,1.9721522630525295e-31,-0.04608426114173678,1133.4870378775956,0.0
Scps,-0.9643059092931108,1.9721522630525295e-31,-0.04608426114173678,1133.4870378775956,0.0
Scps,-0.9643059092931108,1.9721522630525295e-31,-0.04608426114173678,1133.4870378775956,0.0
Scps,-0.9643059092931108,1.9721522630525295e-31,-0.04608426114173678,1133.4870378775956,0.0
Scps,-0.9643059092931108,1.9721522630525295e-31,-0.04608426114173678,1133.4870378775956,0.0
Scps,-0.9643059092931108,1.9721522630525295e-31,-0.04608426114173678,1133.4870378775956,0.0
Scps,-0.9643059092931108,1.9721522630525295e-31,-0.04608426114173678,1133.4870378775956,0.0
Maxe,-0.31616964296100847,0.4244540333361111,-0.13745899071890819,1.2740244330477755,64.84763025199686
Maxe,0.16656027633254442,0.12708299618107105,-0.07886347885069035,1.3169562084076427,92.37302674005497
Maxe,0.3315161422927394,0.054883801213182384,-0.1406078347772181,0.29814293969440847,40.018181203629425
Maxe,-0.37826756651253746,0.23359913543561156,-0.2328848703307457,0.3752401447707728,49.02363713288794
Maxe,-0.25960655331414995,0.21228490056980456,-0.15505462917528431,0.5502564813523424,23.62503549787464
Maxe,-0.731885007788256,0.11024679519256057,-0.005806933338367476,0.5600000540817359,41.71651435712498
Maxe,-0.7303323041087323,0.4119108960813163,0.06510840127862522,0.44329816359511076,49.9135443242685
Maxe,-0.4655325950552295,0.27942465221104107,0.01617338424308281,0.5466646655746903,17.328984026495878
Maxe,-0.5546439800556964,0.7701806693754706,-0.02058658518904868,0.5154100115032816,24.184168183356963
Maxe,0.28326872757762434,0.04026657749124697,-0.0069123402607242325,0.4075589454362853,42.341433049647364
Maxe,-0.9432279933116149,0.377803757856382,0.4161108296897987,0.720531311821785,14.254276566282302
Maxe,-0.4998114910860479,0.3889426720512273,0.16170111616007282,0.614516827320977,20.990596347881535
Maxe,-0.4392998018838756,0.164786542971616,0.029168226192629158,0.5388284740675153,39.38965918595481
Maxe,0.2573234070710596,0.3236596976166327,0.08314706555087407,16.059480281480127,284.5239940329854
Maxe,-0.48807039585591316,0.1125954147510551,-0.10468977816300876,0.3598251596361591,47.195992709755025
Maxe,0.3056793880704858,0.08671250962849224,0.029647224600735534,0.2702354161119144,44.12519647932311
Maxe,-0.6626458176321309,0.1497606170789118,-0.13249751347004446,0.5166636827866892,36.25656328770997
Maxe,-0.784496915226513,0.8230964360255044,0.15040817118762018,0.6987521411277411,15.425940965890097
Maxe,-0.09018811863523642,0.17166275509243697,0.025643727498757762,0.4319458157141419,31.407284019463688
Maxe,0.14755924273627022,0.16396484171925835,-0.07105530107930813,0.2574193035172232,49.41119065898103
Maxe,-0.5794783314484808,0.21615737919735506,-0.21061997444652675,0.3620526440618301,33.436310608712034
Maxe,0.11300362786073101,0.13739164903761097,0.002233071736122168,1.0320492126755119,76.80230584981811
Maxe,-0.6648343533909372,0.6108150352532855,-0.05008271552342677,0.43827493223080427,65.79889575820197
Maxe,0.15640737365519225,0.07322999257091581,-0.07309070765187116,0.39116734663543135,27.3284656500208
Maxe,-0.5563482429738582,0.03343996825664429,-0.02153921676560749,0.4385360062915786,29.812725235889225
Maxe,-0.5199956319530447,0.8769928886534242,0.10647902587553694,0.6179686287556576,63.21176709222927
Maxe,0.14639538143658454,0.11384327547801829,-0.2617141095202318,0.37366791594801413,34.0914756336676
Maxe,-0.45738081086013915,0.3726685568053376,-0.1462756462337605,0.5117117449006904,20.192931098497983
Maxe,-0.840591741173393,0.5146171659466516,0.04528971048621404,0.6407717497498936,82.14946634094022
Maxe,-0.2366884083660292,0.10336126807376275,-0.07786848075610983,0.4984358357069134,24.963523528425867
Maxe,0.2601959037788586,0.19362038828660103,-0.1057330874095633,1.1248994872452707,59.58388973845972
Maxe,-0.6600813449320845,0.26247828137942975,0.23027020477557295,0.5871681341192377,25.569123345708313
Maxe,-0.19785695116590826,0.07283505371410884,-0.03558192258018154,0.5119940255531054,29.57170447800289
Maxe,0.2674358098277292,0.24469070712666766,-0.0232239645740438,0.45600941749162355,58.16984520243639
Maxe,-0.12733096664237123,0.051763198633850926,-0.0691192228019708,0.33730962537366754,32.60361831785747
Maxe,0.3023434496528411,0.19590772364481684,-0.2669586943870795,0.7675101586806278,38.2919164193224
Maxe,-0.6422926728179388,0.15903633200713657,-0.07738290692691313,0.5527359129241842,41.44521088276688
Maxe,-0.17066855147493645,0.3787653186941453,0.07096411291558297,1.5965434446983267,122.85322813826889
Maxe,-0.3152750540120177,0.3097070495104969,-0.06302505859791177,0.8548028381449689,32.567945385965224
Maxe,-0.22552247268964803,0.23279688203895105,-0.1438832771742077,0.6708741117005529,67.89817342155656
Maxe,-0.6175147724776966,0.26433271076095266,0.10684344634105514,0.5572517294148326,47.00058581795661
Maxe,-0.62089672011223,0.13836862675627293,-0.13052222296367955,0.3815599331928805,44.65724444771929
Maxe,-0.4599919424338601,0.17968274788443578,0.12542454623403815,0.6226234364013068,20.028420663165548
Maxe,-0.6847936836503747,0.12941218884776098,0.07106198969627885,0.5021734925442489,41.85606587716228
Maxe,-0.49262177563493803,0.11436993971058762,0.003583916338568503,0.38693731014772254,35.33785182087081
Maxe,-0.3524364696793194,0.06557046108427705,-0.10597972348549388,0.34699682759691514,57.55599283691081
Maxe,-0.17794696498711127,0.1475817660905528,-0.24934871308734277,0.41740375434424803,30.72375886556991
Maxe,-0.6758170120067435,0.6484167445179352,-0.08829217493852716,0.6158113801161692,58.62545247300836
Maxe,0.2605803475552068,0.6503002625650259,0.12281753020089854,7.397802603498984,329.20035562878945
Maxe,-0.3072046900725464,0.04780434066926652,0.07389010537727668,0.44324097938647994,36.20775180767262
Maxe,-0.6593047802375357,0.5408850596101298,0.005026025376433829,0.6194672675335129,41.93342285727105
Maxe,-0.49557297203919015,0.06613588040970167,0.07558767645527213,0.4945429878415384,22.534484701889035
Maxe,-0.23588450560476218,0.23735925248760426,-0.09398490997559315,0.3936605002123765,37.25435223658979
Maxe,0.34269596144293046,0.13221989494797065,-0.2385773600854108,2.0526918830999223,47.421206177601704
Maxe,0.45677680928217157,0.27929666057770436,-0.1280626756823265,0.4567811511007566,33.9963984635064
Maxe,0.17904531350293426,0.20095180766977228,-0.1764147676796749,1.215198152759207,72.3181637394025
Maxe,-0.7831050399479089,0.2139145588902645,0.09921668936469492,0.6477192934142114,29.474623838099397
Maxe,0.07897629126262991,0.14379423060438523,-0.20242866754988958,0.3772254749369556,68.50717640659425
Maxe,0.26927499110135633,0.2092034766341341,-0.020326926131074823,1.6238955085655924,38.90410677246347
Maxe,-0.13171281178508876,0.21014245107113355,-0.16050670420210303,0.47448079437065,42.51039828012198
Maxe,-0.10723010851537171,0.24385310283362566,0.10867439687030095,0.5024640830955199,43.292297116205674
Maxe,-0.8711934434507415,0.5456626084808726,0.2828018869025657,0.7126482199676205,30.282642630413115
Maxe,-0.46433253227930243,0.9618529707990546,0.1069259903074709,2.039550920067393,166.51013433835217
Maxe,-0.1864611912296775,0.20809083284666752,0.14866016835335646,0.5031135783582903,30.69671984666899
Maxe,-0.21541877245331076,0.5180884696086635,0.18561180423653356,0.3933831041811321,26.467082770132965
Maxe,-0.6809023447146674,0.11178275694751719,-0.2017266531973631,0.39401107223738424,39.909385211923755
Maxe,-0.46100468624480334,0.2987473891131277,0.054816247380370796,0.5337720821846318,43.361632611961184
Maxe,-0.4136832228517771,0.10486736558400975,-0.08468359927893843,0.5242960220072838,30.696276980499462
Maxe,0.1714614315769783,0.11228524110677833,0.03199648686693487,0.3694039618204833,41.49720391334906
Maxe,-0.454341475000942,0.29586629428430233,-0.0432743677280426,0.3908779665178357,25.5914402817322
Maxe,-0.6856847156086698,0.6838889353564703,0.344575731293967,0.7123318517256116,14.11657732907964
Maxe,-0.30204869675788576,0.3716916046490765,0.13834992228362317,0.5282958649423398,21.53705865699083
Maxe,0.06600327785253263,0.30022406239337623,-0.011297941526991264,0.684783568048121,75.5785272049697
Maxe,-0.2980505431196467,0.3087135542812568,-0.11687470482233583,0.32244140378102976,46.935759950940934
Maxe,-0.5752854122638567,0.06276082980487484,-0.18991403980705154,0.46775970260246313,32.126843857498855
Maxe,0.1659584619021629,0.08949227956382672,0.008068173577358033,0.3140583097942671,37.897698844516775
Maxe,-0.5790703489457174,0.12196009937789773,-0.09192230368010745,0.515591149347171,29.8969368732806
Maxe,-0.2952619464056584,0.26030532796970707,0.01572710429800018,0.4673051109842222,52.607120758650034
Maxe,0.2705148648692546,0.33482099804123433,-0.1870712464398437,7.550157000191549,335.5890505642351
Maxe,0.19283426712279716,0.06495157986915823,0.0810310037333727,0.46430594401115766,39.07300710779681
Maxe,-0.17280608614151532,0.17693483571202648,-0.10523233664268203,0.44313004641475073,38.543535588881134
Maxe,-0.6380106640808807,0.24455477990467317,0.22178244268005334,0.5431300171720652,33.412848588031615
Maxe,-0.3873998921035703,0.44202456042261157,-0.004168665496457803,0.5566154842312407,21.1400579180116
Maxe,0.609929080283575,0.3054260856176562,-0.2358379184483301,0.5573939725147816,56.25760803600181
Maxe,-0.45764960384186737,0.29153087885294954,0.037045524293316125,0.5563496623867752,58.62047849635786
Maxe,-0.18424832268549277,0.246699513799617,0.09384152484727501,0.5074377730681902,39.39972082162473
Maxe,-0.4529933894637796,0.17519285018907257,0.0039582640513181186,0.42595034644117663,24.833838086930434
Maxe,-0.2312842737417635,0.2745921190738955,-0.19388221982461135,0.45149879656047337,37.688324174865265
Maxe,-0.4010764561047415,0.2401238735009484,-0.14493357489603,0.6208417487271733,24.9903351335215
Maxe,-0.16598434062712952,0.04086046124475315,0.03758840570885335,0.3511831017170013,30.719961369451447
Maxe,0.13090785639062139,0.15217805303920912,-0.016155874702765697,1.097188435990149,77.36992850406273
Maxe,-0.6285838755630271,0.12446717759022588,-0.09979856860805868,0.498831045853378,27.694932838986702
Maxe,-0.7858555105927187,0.26886312661419076,-0.025788562548660916,0.6358780421748174,33.19619265379176
Maxe,-0.1512402254159893,0.2900457237664329,-0.14076783126272782,1.7449631846287175,72.6858284443664
Maxe,0.27214921309389656,0.24916443803135135,0.13268167535671935,6.82712162176614,258.9770095019087
Maxe,-0.5336154437120801,0.18555382988940222,0.11656467085500279,0.2554566332101855,43.018647840330814
Maxe,0.23330573140480146,0.28726303390560093,0.10325873214790998,0.6431519088434658,64.98322995676236
Maxe,-0.26836937452415843,0.16946734614539835,0.17530704078415896,1.1838923235993606,81.1269643998191
Maxe,-0.7776606903433514,0.740152955557652,0.03345962436712312,0.5678465875159777,62.465021659878246
Maxe,-0.27100242546417674,0.17651549635456776,-0.10672189770927527,0.4650212915283859,32.26251201506378
Rand,0.48166287730244717,0.23435669105165474,-0.169558339092559,0.7624601766570602,54.73684210526315
Rand,0.13607021897390514,0.6623579449684969,-0.1728652875652205,7.167506472048512,37.89473684210527
Rand,-0.5996869226770736,0.8771210031872997,-0.001308376980666744,3.095058888109907,21.052631578947366
Rand,-0.37094930605500365,0.30363874665643925,-0.13018590234547678,16.19354497384523,48.421052631578945
Rand,-0.44420352787430195,0.6750930893078928,-0.10875238267097652,1.5457942358868062,50.526315789473685
Rand,-0.34912437060205803,0.4869263364994169,0.18404801645743626,1.4067737603101864,75.78947368421053
Rand,-0.39386763120300133,0.27985930683052446,-0.11787619347162424,1.5706315638373884,33.68421052631579
Rand,-0.11808972183328453,0.35110461490348227,-0.23852809419814697,2.1282022346516696,52.63157894736842
Rand,-0.3744166056570466,0.851633923585714,-0.23483904635268849,19.50222002884941,35.78947368421052
Rand,-0.7165398448076676,0.7519040596764424,0.008176033735314898,1.4055289450820703,71.57894736842107
Rand,-0.6265492380079468,0.7226078370782425,0.035304524369773944,0.5744628351311718,27.368421052631575
Rand,0.40231804744365585,0.6052790718163115,-0.22493095081702083,506.7777271568652,48.421052631578945
Rand,-0.5556094394918349,0.051346517437712014,-0.17389885016299167,0.3813709315458955,46.315789473684205
Rand,0.18487911335034563,0.41076208392249436,-0.06666938667934795,8.589656069158066,37.89473684210526
Rand,-0.19216371340120958,1.7122769745229978,-0.068758694154464,3.2280790082437103,29.473684210526308
Rand,0.11662909303719937,0.8361770894629906,-0.13464548306728547,8.771295083587026,48.421052631578945
Rand,-0.4751900262440124,0.23760300228742545,0.018915712502541062,1.2455081167413482,52.63157894736842
Rand,0.3277174039532247,0.3442836189967097,0.015603116540388555,0.5203280876544898,54.73684210526315
Rand,-0.518585670963001,0.09640975520806455,-0.08557848479147352,0.48135450185442236,33.68421052631579
Rand,-0.5916652425188043,1.5649344805082392,0.20882134185430695,506.9709029688329,6.315789473684208
Rand,-0.20971432040552904,0.35426364266641786,-0.013538313824974956,0.4826765011642677,54.73684210526315
Rand,-0.3601562374192744,0.9693657808822327,-0.048431459286263925,25.153272780727548,16.84210526315789
Rand,0.1876774393259579,0.5742064352645035,-0.19259491526375835,0.7177674197820351,69.47368421052632
Rand,0.4340835349499179,0.41917968714487425,-0.16497406812881898,6.495130414359372,52.63157894736842
Rand,-0.26614156937639727,0.22402491989130618,-0.09321187199562157,0.34725591290843816,65.26315789473685
Rand,0.19298259140014834,0.09795924406754544,-0.17641211999677914,0.37770307809679854,56.842105263157904
Rand,0.357573108732135,0.37671588537610884,0.007349656573726666,6.347001374786014,46.31578947368421
Rand,-0.7293448792096682,1.9543834403268836,0.09367422184387787,2.649048210464893,21.052631578947363
Rand,-0.27245110790645816,0.5285727981630892,0.007207226303682095,0.7192764878459765,56.84210526315789
Rand,-0.4638882956446252,0.7298012606913507,-0.08039105594928629,31.43041991629442,40.0
Rand,0.2558896924289008,0.43381252283054705,-0.20694317571056609,7.584145408788552,69.47368421052632
Rand,-0.667225175775731,0.3281250508478667,-0.015284160118395883,0.49940573410136124,25.26315789473684
Rand,-0.48105565823312113,0.12371923825526294,0.2618429407092864,0.39427494952510656,48.42105263157894
Rand,-0.6146701925958808,1.5709368057943083,0.0751138151012413,10.52101223135875,25.263157894736842
Rand,0.5827614448018436,0.30515352072854507,-0.04288453865474481,1.5443577899919356,58.94736842105264
Rand,-0.17684671977028965,0.5225980853599888,0.06507558771737197,25.16594061154474,33.68421052631579
Rand,0.25924399962600525,0.7789481830521402,0.010262995369184675,507.259864348526,33.68421052631579
Rand,-0.38812178931860314,0.5409565559433787,-0.023836800860651538,1.2164632933753665,46.315789473684205
Rand,-0.1593769788583123,0.45304003111535895,-0.18300507839073513,7.589399540754404,71.57894736842105
Rand,0.22383284974607717,0.540750512659999,-0.09918689531712427,2.0272964501529205,40.0
Rand,-0.5153325056489031,1.552643072210376,-0.02183596754865561,506.9614544569877,27.368421052631575
Rand,0.42820382998557394,0.3161828612240584,-0.16255134557351852,1.335059158833286,46.31578947368421
Rand,-0.3301891607617644,0.3726544006389088,-0.1455769628539591,0.5373575176701259,63.1578947368421
Rand,0.19298029908965691,0.22247053921145618,-0.02538914033242779,1.7910147800364362,42.10526315789473
Rand,-0.15365706076616542,0.8231291337610716,0.07102331181664201,506.91249204768786,29.473684210526308
Rand,-0.7202594180251867,0.4599959023137214,0.07504705769323577,0.5790925550929582,69.47368421052632
Rand,-0.6913635923992378,0.6714582145421699,-0.017268203614680726,0.5887021434142353,23.157894736842103
Rand,0.38748625416540927,0.22690700928186242,-0.09252108091657187,0.6281448348948651,56.84210526315789
Rand,-0.25791854369185285,0.05292407427520727,-0.01690574342919788,0.39386489624856125,40.0
Rand,0.3838510747703191,0.6658158652146522,0.025866196157411404,506.92763203355435,23.157894736842103
Rand,0.25130890936862316,0.45393562594364534,-0.14969291381062935,6.411502529268002,37.89473684210527
Rand,-0.4676417432367814,0.6655827654095396,-0.1502977190317583,13.73338420240959,42.105263157894726
Rand,0.20689699745481294,0.3988199945575847,-0.22209998482772703,2.606304659943802,33.68421052631579
Rand,-0.3511162443240463,0.2889401808867571,-0.16421990121670102,0.2968544056803198,40.0
Rand,-0.24304838238023496,0.36572158287329526,-0.20316458175008123,16.24160398114743,56.84210526315789
Rand,-0.49026031087779837,0.6944360857845185,-0.0030785953386253057,0.9572616599818411,12.63157894736842
Rand,-0.2790872478787238,0.18781055155170695,-0.15696177125903457,0.5286924945265117,56.84210526315789
Rand,-0.12883219169344584,0.3825667584265534,-0.07524209827405759,0.7677654348352638,37.89473684210526
Rand,-0.22826435788027627,0.1490337254947734,-0.009380843748896507,0.468970687010435,44.210526315789465
Rand,0.2971943619782842,0.5603461467885235,-0.0901091716623632,8.841612925314935,37.89473684210526
Rand,0.3536360162953349,0.6825932726237843,-0.0688302968449906,10.617882060928304,44.210526315789465
Rand,-0.31385222963992404,0.6153724434229988,-0.17219640182439477,8.740103955799226,54.73684210526315
Rand,-0.23483177521286838,0.42622072157536106,-0.10033417967274172,0.39878013447305605,33.68421052631579
Rand,-0.1356374509515791,0.2003954302339818,-0.022211724928649177,0.4955798615840455,35.78947368421051
Rand,0.16678829918036192,0.11462563720883841,-0.0049899606084886396,0.5998728256367193,50.526315789473685
Rand,-0.5870025671100312,0.6237623185713159,-0.11090075651560426,1.8510080186619264,40.0
Rand,0.23875113548593782,0.7697660746948256,-0.114902929220788,1.4961224491172131,56.84210526315788
Rand,-0.5700549456768843,0.6408332042083106,0.12054474521172269,1.3945813292937113,65.26315789473684
Rand,-0.44497235420669545,0.9275231393253816,-0.05547444222790796,9.564207616926625,69.47368421052632
Rand,-0.17209077281480156,0.6095094524155119,-0.10294898437332511,1.1864869303513068,31.57894736842105
Rand,0.34325085061745236,0.1266254343369252,-0.17486341727121144,1.7435249573410228,44.210526315789465
Rand,0.24811947811164597,0.21270199414205596,-0.1550244361752721,1.3159971578526337,54.73684210526315
Rand,-0.41243540193641404,0.5451673720116786,-0.1595216741798128,0.4208897724038456,46.315789473684205
Rand,0.4200668743781563,0.6942616888142421,-0.1269368746494687,506.8127515911351,40.0
Rand,0.35629155031873083,0.33525285843603825,-0.10362493265008797,16.053253177800883,33.68421052631579
Rand,-0.5897766221638412,0.29934395622987775,-0.11957913664745017,0.42545879862386937,50.526315789473685
Rand,-0.32913729166970734,0.7817395240000693,-0.1072692292342141,9.12812263744958,37.89473684210526
Rand,-0.40469849531021873,0.27223750798853363,0.1603054874761126,6.819898589817034,50.526315789473685
Rand,-0.21942466820476397,0.2566867022895015,-0.016985914816264127,0.6824040062583974,44.210526315789465
Rand,-0.33832837686944556,0.8046752601189917,0.046620301294714714,6.671496034783104,75.78947368421052
Rand,-0.3345992431060396,0.7613881533284695,-0.12555407686769504,18.677927539418043,48.42105263157894
Rand,-0.285142141664514,0.28058488493753375,-0.16003606547539034,1.5118855127675825,65.26315789473685
Rand,-0.4136189739641134,1.061914471412139,-0.0790204830957333,1.9606432037004173,71.57894736842104
Rand,-0.652536877689529,0.822828426886723,0.05691853724747214,1.5271394655038246,56.84210526315789
Rand,-0.4933140812224519,0.47847772088081886,0.0632598134078394,10.537493303878604,56.84210526315789
Rand,-0.20758685318224643,1.718324364175872,-0.06957038997057058,7.744328281870175,44.210526315789465
Rand,-0.6918670383342365,0.29568316430960956,0.061594640664685396,0.3280347725912353,54.73684210526315
Rand,-0.21737907669643342,0.4253168036158573,-0.07015163713503796,18.59004593360643,42.10526315789473
Rand,-0.14954685734738943,0.36762231614310875,0.004726699508319011,1.3351977000793693,69.47368421052633
Rand,0.22224519090655412,0.9405854004158097,-0.050526448436624787,26.032639714754666,46.315789473684205
Rand,0.2012786314375464,0.19416312557548887,-0.17801117159249297,2.5616576692274737,44.210526315789465
Rand,0.19799955912899775,0.49735979173013406,-0.11167562708148769,1.5104524160502073,33.68421052631579
Rand,-0.17538700326072731,0.15806830178532552,-0.07517824282244093,6.772795730075925,56.84210526315789
Rand,-0.3272786581542612,1.1087687232978987,-0.08196628695527106,10.702377963468079,52.63157894736842
Rand,0.22209420970744959,0.22371331062928695,0.09895562033617047,8.555007938494395,37.89473684210526
Rand,-0.31567316541199253,0.777351168901366,-0.08033845989118907,12.407272827761226,56.84210526315788
Rand,-0.41228678868669644,0.8741868434537009,-0.034623003911502394,1.3736748900118256,27.368421052631575
Rand,-0.44347365520522,0.29336024888340395,-0.16641560537373845,1.6526371754875475,35.78947368421051
Rand,0.2565119798389153,0.26598780903292774,-0.01633655175312656,0.4517508388998423,52.63157894736843
Rand,-0.3533760059993706,0.4475964307510079,-0.18984955906171758,6.736051874668782,61.052631578947356
