population,design,design_type,n,mode,y,true_var,RB_VarB,RB_UPB,RB_HybridB_a035,RB_LM_simple_q8,RB_LM_Tille_j3,RB_VarB_pct,RB_UPB_pct,RB_HybridB_a035_pct,RB_LM_simple_q8_pct,RB_LM_Tille_j3_pct
aggregated,aggregated_best_20_ep,best,20,ep,z,11592.044,0.1892,0.1892,0.1892,1.7081,0.112,0.1892,0.1892,0.1892,1.7081,0.112
aggregated,aggregated_best_20_ep,best,20,ep,plane,11592.044,0.1892,0.1892,0.1892,1.7081,0.112,0.1892,0.1892,0.1892,1.7081,0.112
aggregated,aggregated_best_20_ep,best,20,ep,peak,26938.659,0.6452,0.6452,0.6452,5.812,2.4239,0.6452,0.6452,0.6452,5.812,2.4239
aggregated,aggregated_best_20_ep,best,20,ep,bird,45115.212,-0.1007,-0.1007,-0.1007,3.7253,1.3764,-0.1007,-0.1007,-0.1007,3.7253,1.3764
aggregated,aggregated_best_50_ep,best,50,ep,z,3582.873,0.3206,0.3206,0.3206,0.061,-0.6369,0.3206,0.3206,0.3206,0.061,-0.6369
aggregated,aggregated_best_50_ep,best,50,ep,plane,3582.873,0.3206,0.3206,0.3206,0.061,-0.6369,0.3206,0.3206,0.3206,0.061,-0.6369
aggregated,aggregated_best_50_ep,best,50,ep,peak,5026.759,0.4864,0.4864,0.4864,8.1315,1.8998,0.4864,0.4864,0.4864,8.1315,1.8998
aggregated,aggregated_best_50_ep,best,50,ep,bird,7713.421,0.3129,0.3129,0.3129,8.0071,1.8884,0.3129,0.3129,0.3129,8.0071,1.8884
aggregated,aggregated_initial_20_ep,initial,20,ep,z,26278.907,-0.2349,-0.2349,-0.2349,0.2189,-0.624,-0.2349,-0.2349,-0.2349,0.2189,-0.624
aggregated,aggregated_initial_20_ep,initial,20,ep,plane,26278.907,-0.2349,-0.2349,-0.2349,0.2189,-0.624,-0.2349,-0.2349,-0.2349,0.2189,-0.624
aggregated,aggregated_initial_20_ep,initial,20,ep,peak,57586.789,-0.3813,-0.3813,-0.3813,2.0992,0.181,-0.3813,-0.3813,-0.3813,2.0992,0.181
aggregated,aggregated_initial_20_ep,initial,20,ep,bird,95779.191,-0.527,-0.527,-0.527,1.1744,-0.0939,-0.527,-0.527,-0.527,1.1744,-0.0939
aggregated,aggregated_initial_50_ep,initial,50,ep,z,9172.225,-0.2799,-0.2799,-0.2799,-0.5893,-0.9056,-0.2799,-0.2799,-0.2799,-0.5893,-0.9056
aggregated,aggregated_initial_50_ep,initial,50,ep,plane,9172.225,-0.2799,-0.2799,-0.2799,-0.5893,-0.9056,-0.2799,-0.2799,-0.2799,-0.5893,-0.9056
aggregated,aggregated_initial_50_ep,initial,50,ep,peak,3582.466,0.46,0.46,0.46,10.9709,1.5358,0.46,0.46,0.46,10.9709,1.5358
aggregated,aggregated_initial_50_ep,initial,50,ep,bird,5680.318,1.0432,1.0432,1.0432,11.1241,1.7137,1.0432,1.0432,1.0432,11.1241,1.7137
meuse,meuse_best_10_ep,best,10,ep,z,23756.04,-0.69,-0.69,-0.69,0.4413,-0.2435,-0.69,-0.69,-0.69,0.4413,-0.2435
meuse,meuse_best_10_up,best,10,up,z,6561.174,5.0259,-0.7413,0.0807,0.0691,-0.5014,5.0259,-0.7413,0.0807,0.0691,-0.5014
meuse,meuse_best_20_ep,best,20,ep,z,11087.379,-0.6246,-0.6246,-0.6246,0.4996,-0.3578,-0.6246,-0.6246,-0.6246,0.4996,-0.3578
meuse,meuse_best_20_up,best,20,up,z,2187.423,4.749,-0.6758,0.1746,0.5899,-0.4279,4.749,-0.6758,0.1746,0.5899,-0.4279
meuse,meuse_best_5_ep,best,5,ep,z,60441.983,-0.7615,-0.7615,-0.7615,-0.2193,-0.3669,-0.7615,-0.7615,-0.7615,-0.2193,-0.3669
meuse,meuse_best_5_up,best,5,up,z,14003.851,8.5145,-0.8004,0.4525,-0.2998,-0.5165,8.5145,-0.8004,0.4525,-0.2998,-0.5165
meuse,meuse_initial_10_ep,initial,10,ep,z,31012.365,-0.7932,-0.7932,-0.7932,0.0802,-0.4366,-0.7932,-0.7932,-0.7932,0.0802,-0.4366
meuse,meuse_initial_10_up,initial,10,up,z,4780.401,5.4155,-0.5802,0.3924,0.5373,-0.2919,5.4155,-0.5802,0.3924,0.5373,-0.2919
meuse,meuse_initial_20_ep,initial,20,ep,z,9262.649,-0.571,-0.571,-0.571,0.8263,-0.1853,-0.571,-0.571,-0.571,0.8263,-0.1853
meuse,meuse_initial_20_up,initial,20,up,z,3358.145,3.8415,-0.7903,-0.1558,0.0435,-0.6652,3.8415,-0.7903,-0.1558,0.0435,-0.6652
meuse,meuse_initial_5_ep,initial,5,ep,z,54319.56,-0.6922,-0.6922,-0.6922,-0.1087,-0.3167,-0.6922,-0.6922,-0.6922,-0.1087,-0.3167
meuse,meuse_initial_5_up,initial,5,up,z,10462.449,6.6686,-0.6902,0.3883,0.0049,-0.2265,6.6686,-0.6902,0.3883,0.0049,-0.2265
regular,regular_best_20_ep,best,20,ep,z,22910.681,0.5548,0.5548,0.5548,0.7051,-0.0515,0.5548,0.5548,0.5548,0.7051,-0.0515
regular,regular_best_20_ep,best,20,ep,plane,22910.681,0.5548,0.5548,0.5548,0.7051,-0.0515,0.5548,0.5548,0.5548,0.7051,-0.0515
regular,regular_best_20_ep,best,20,ep,peak,8370.546,3.5147,3.5147,3.5147,22.3469,14.3816,3.5147,3.5147,3.5147,22.3469,14.3816
regular,regular_best_20_ep,best,20,ep,bird,36627.96,-0.0577,-0.0577,-0.0577,4.3244,1.8941,-0.0577,-0.0577,-0.0577,4.3244,1.8941
regular,regular_best_50_ep,best,50,ep,z,8263.653,0.2821,0.2821,0.2821,-0.3952,-0.6622,0.2821,0.2821,0.2821,-0.3952,-0.6622
regular,regular_best_50_ep,best,50,ep,plane,8263.653,0.2821,0.2821,0.2821,-0.3952,-0.6622,0.2821,0.2821,0.2821,-0.3952,-0.6622
regular,regular_best_50_ep,best,50,ep,peak,2040.497,4.5948,4.5948,4.5948,24.6673,14.193,4.5948,4.5948,4.5948,24.6673,14.193
regular,regular_best_50_ep,best,50,ep,bird,3911.182,2.0724,2.0724,2.0724,13.7273,6.6429,2.0724,2.0724,2.0724,13.7273,6.6429
regular,regular_initial_20_ep,initial,20,ep,z,50790.32,0.1213,0.1213,0.1213,-0.2398,-0.6001,0.1213,0.1213,0.1213,-0.2398,-0.6001
regular,regular_initial_20_ep,initial,20,ep,plane,50790.32,0.1213,0.1213,0.1213,-0.2398,-0.6001,0.1213,0.1213,0.1213,-0.2398,-0.6001
regular,regular_initial_20_ep,initial,20,ep,peak,19740.703,0.6511,0.6511,0.6511,8.6122,5.1548,0.6511,0.6511,0.6511,8.6122,5.1548
regular,regular_initial_20_ep,initial,20,ep,bird,29737.427,0.7269,0.7269,0.7269,5.5725,2.65,0.7269,0.7269,0.7269,5.5725,2.65
regular,regular_initial_50_ep,initial,50,ep,z,24328.016,-0.0555,-0.0555,-0.0555,-0.795,-0.912,-0.0555,-0.0555,-0.0555,-0.795,-0.912
regular,regular_initial_50_ep,initial,50,ep,plane,24328.016,-0.0555,-0.0555,-0.0555,-0.795,-0.912,-0.0555,-0.0555,-0.0555,-0.795,-0.912
regular,regular_initial_50_ep,initial,50,ep,peak,3473.544,2.1447,2.1447,2.1447,14.2348,6.5522,2.1447,2.1447,2.1447,14.2348,6.5522
regular,regular_initial_50_ep,initial,50,ep,bird,9188.244,0.8455,0.8455,0.8455,4.9249,1.5665,0.8455,0.8455,0.8455,4.9249,1.5665
