z_auxiliary,pik_auxiliary,corr_y_z,corr_y_pik_aux,Ppi_z_eff,Ppi_y_eff,ABC_z_eff,ABC_y_eff,Random_z_eff,Random_y_eff,ABC_z_over_Ppi_z,ABC_y_over_Ppi_y,Random_z_over_Ppi_z,Random_y_over_Ppi_y,ABC_valid_percent,Random_valid_percent,evaluations_ABC,evaluations_Random
aux_90,aux_90,0.8989076551634603,0.8989076551634603,0.2602712745156792,0.033684989862800836,0.2602732804123215,0.03368530399289397,0.2602732804123215,0.03368530399289397,1.0000077069459394,1.0000093255213796,1.0000077069459394,1.0000093255213796,100.0,100.0,2930,805
aux_90,aux_80,0.8989076551634603,0.81267657191353,0.4091155641264727,0.023775948537198808,0.43597922666233263,0.022892101527585404,0.4091154505015595,0.023775970068996725,1.0656627732880761,0.9628260042609624,0.9999997222669506,1.0000009056125725,99.76190476190476,99.87577639751552,1680,805
aux_90,aux_00,0.8989076551634603,-0.1659558287753773,0.5282131368707936,0.029543595759086983,0.6194231472851447,0.021812258534831392,0.5562776641742713,0.02209945175502606,1.172676527802189,0.7383075070718974,1.0531310665042064,0.7480285045610516,99.80295566502463,100.0,2030,805
aux_80,aux_90,0.81267657191353,0.8989076551634603,0.3498084163678112,0.033684989862800836,0.35833296520036145,0.032933603891846776,0.34981072965597393,0.03368530399289397,1.0243691930602008,0.977693745077126,1.0000066130145946,1.0000093255213796,99.9002493765586,99.75155279503106,2005,805
aux_80,aux_80,0.81267657191353,0.81267657191353,0.27519329687128463,0.023775948537198808,0.27519324802938305,0.023775970068996725,0.27519324802938305,0.023775970068996725,0.9999998225178369,1.0000009056125725,0.9999998225178369,1.0000009056125725,99.9627004848937,100.0,2681,805
aux_80,aux_00,0.81267657191353,-0.1659558287753773,0.8729963332990092,0.029543595759086983,1.2460445772961315,0.02552917332832573,0.8810513004062964,0.021774897251888244,1.4273193709616074,0.8641186921356212,1.009226805199568,0.7370428917810639,99.9367088607595,99.87577639751552,1580,805
aux_00,aux_90,-0.1659558287753773,0.8989076551634603,0.43753719220350107,0.033684989862800836,0.5226619500174584,0.03192335013065499,0.4605834730253315,0.029107719003380765,1.1945543357931623,0.947702530435039,1.0526727355582413,0.8641154152617139,99.9501246882793,99.87577639751552,2005,805
aux_00,aux_80,-0.1659558287753773,0.81267657191353,0.7328559170535552,0.023775948537198808,0.9998558128523719,0.02196871025473379,0.7634792514084603,0.020426080175983977,1.3643279525834886,0.923988804079152,1.0417862961085531,0.8591068467374172,100.0,99.75155279503106,1705,805
aux_00,aux_00,-0.1659558287753773,-0.1659558287753773,0.2991269374699753,0.029543595759086983,0.29912747402956674,0.02954355199800502,0.29912747402956674,0.02954355199800502,1.0000017937521641,0.9999985187624987,1.0000017937521641,0.9999985187624987,100.0,100.0,2630,805
