iteration,z_variable,pi_source,corr_y_z,corr_y_pi,corr_y_over_pi_z_over_pi,BestRandomStart_z_over_BestRandomStart_z,BestRandomStart_y_over_BestRandomStart_y,BestRandomStart_z_over_Vincent_z,BestRandomStart_y_over_Vincent_y,ABC_z_over_BestRandomStart_z,ABC_y_over_BestRandomStart_y,ABC_z_over_Vincent_z,ABC_y_over_Vincent_y,Random_z_over_BestRandomStart_z,Random_y_over_BestRandomStart_y,Random_z_over_Vincent_z,Random_y_over_Vincent_y,evaluations_ABC,evaluations_Random,Var_z_BestRandomStart,Var_y_BestRandomStart,Var_z_Vincent_z,Var_y_Vincent_y,Var_z_ABC,Var_y_ABC,Var_z_Random,Var_y_Random
2050,z_00,equal,-1.376981811053447e-17,0.0,6.722437906588872e-18,1.0,1.0,0.1423209327503851,0.16960942700252357,7.026373291175971,0.8695642439523935,1.0000000006525573,0.14748629315864809,1.2636796769217693,0.900247401209361,0.1798480703172115,0.15269044587963065,68511,68511,326.3895583526345,74668.66390311507,46.452066384733186,12664.509299651363,46.452066354420545,85869.05961510878,258.28504194013425,82942.38206387243
2050,z_00,size_80,-1.376981811053447e-17,0.7964686621946876,-0.019581006445603694,1.0,1.0,0.11385207020282773,0.10878628734162457,8.266278238129862,1.3652051138983796,0.9411328902836681,0.14851559580080442,1.1471214746862959,1.0554793143941181,0.1306021546671554,0.11482167597881944,68083,68083,393.75950748929824,213908.74823187475,44.83033508970245,23270.338550039953,47.63443670127189,156686.16096892036,343.2587709134989,202665.03124664817
2050,z_00,size_90,-1.376981811053447e-17,0.8714416182858846,0.0422758631115996,1.0,1.0,0.16487566504923296,0.07785465503952657,6.065176466330806,1.1125914811491635,1.0000000035272483,0.08662042596478405,1.2006756641652423,1.0220986271143755,0.1979621986376738,0.07957513603036338,67934,67934,393.4030605089669,166422.2684370627,64.86259123381956,12956.748300063007,64.86259100503308,149580.7502185528,327.6513985002573,162824.0798120548
2050,z_80,equal,0.8000000000000002,0.0,0.8000000000000003,1.0,1.0,0.17967172702245643,0.20041499164692184,5.565705971417854,1.7683547855422124,1.0000000039838444,0.3544048095732367,1.187921039818576,1.018580072765208,0.2134358247905158,0.20413871677496018,68678,68678,332.87136045821677,63191.42692659876,59.80757220984243,12664.509299651363,59.80757197157837,35734.58643211296,280.2133721859613,62038.74257528792
2050,z_80,size_80,0.8000000000000002,0.7964686621946876,-0.3338028997675349,1.0,1.0,0.24176842810204882,0.10542763051258153,4.136247984933957,1.2093970385708033,1.0000141735577495,0.12750386412545298,1.1581213050238433,1.155076963241706,0.279997167467108,0.12177702729424128,68000,68000,373.6780412182606,220723.3382454035,90.34355264159149,23270.338550039953,90.34227217017965,182506.92800293423,322.65880922600536,191089.72412188604
2050,z_80,size_90,0.8000000000000002,0.8714416182858846,-0.5117759861486383,1.0,1.0,0.25044956404464597,0.08025976999260122,3.9928198963159223,1.2637209154075073,1.000000002341111,0.10142595000544599,1.2058984177563912,1.0847324858934744,0.3020167330092165,0.0870603798213128,67589,67589,414.6417228322264,161435.15364244665,103.84683871805203,12956.748300063007,103.84683847493503,127745.89046853693,343.84465285532036,148824.8538158931
2050,z_90,equal,0.9000000000000001,0.0,0.9000000000000001,1.0,1.0,0.1796132532438697,0.24137664783827598,5.567517936078214,2.198239466111523,1.000000008992603,0.530603673475801,1.3380064378626884,1.0443137927591108,0.24032368916575908,0.25207296258747025,68227,68227,330.40054561543735,52467.831553186006,59.34431687153827,12664.509299651363,59.34431633787839,23868.114626290746,246.93494460550895,50241.44267458566
2050,z_90,size_80,0.9000000000000001,0.7964686621946876,-0.29463027700024136,1.0,1.0,0.36078607583186517,0.10826630997777406,2.771725593052059,1.1344943223982227,1.0000000000000018,0.1228275139767907,1.2236551365582562,1.0483005383035793,0.44147773489035835,0.11349563102984273,67945,67945,431.79575539072573,214936.10112709217,155.78589614827587,23270.338550039953,155.7858961482756,189455.42245882368,352.87373254953735,205032.90160941271
2050,z_90,size_90,0.9000000000000001,0.8714416182858846,-0.5420575768862299,1.0,1.0,0.39225916839352604,0.08489706069157466,2.5493349310239024,1.393939545337622,1.000000000000003,0.11834137018091408,1.1653105235019516,0.9826362927652669,0.45710373686910005,0.08342293298463678,67861,67861,437.12051619460385,152617.16005850906,171.46453017024413,12956.748300063007,171.46453017024362,109486.21162874327,375.11076007533524,155313.98665219705
2100,z_00,equal,-1.376981811053447e-17,0.0,6.722437906588872e-18,1.0,1.0,0.1423209327503851,0.16960942700252357,7.026373291175971,0.8695642439523935,1.0000000006525573,0.14748629315864809,1.2636796769217693,0.900247401209361,0.1798480703172115,0.15269044587963065,70186,70186,326.3895583526345,74668.66390311507,46.452066384733186,12664.509299651363,46.452066354420545,85869.05961510878,258.28504194013425,82942.38206387243
2100,z_00,size_80,-1.376981811053447e-17,0.7964686621946876,-0.019581006445603694,1.0,1.0,0.11385207020282773,0.10878628734162457,8.266278238129862,1.3652051138983796,0.9411328902836681,0.14851559580080442,1.1471214746862959,1.0554793143941181,0.1306021546671554,0.11482167597881944,69742,69742,393.75950748929824,213908.74823187475,44.83033508970245,23270.338550039953,47.63443670127189,156686.16096892036,343.2587709134989,202665.03124664817
2100,z_00,size_90,-1.376981811053447e-17,0.8714416182858846,0.0422758631115996,1.0,1.0,0.16487566504923296,0.07785465503952657,6.065176466330812,1.1125914811491635,1.0000000035272492,0.08662042596478405,1.2006756641652423,1.0220986271143755,0.1979621986376738,0.07957513603036338,69581,69581,393.4030605089669,166422.2684370627,64.86259123381956,12956.748300063007,64.86259100503302,149580.7502185528,327.6513985002573,162824.0798120548
2100,z_80,equal,0.8000000000000002,0.0,0.8000000000000003,1.0,1.0,0.17967172702245643,0.20041499164692184,5.565705971417854,1.7683547855422124,1.0000000039838444,0.3544048095732367,1.187921039818576,1.018580072765208,0.2134358247905158,0.20413871677496018,70364,70364,332.87136045821677,63191.42692659876,59.80757220984243,12664.509299651363,59.80757197157837,35734.58643211296,280.2133721859613,62038.74257528792
2100,z_80,size_80,0.8000000000000002,0.7964686621946876,-0.3338028997675349,1.0,1.0,0.24176842810204882,0.10542763051258153,4.136247984933957,1.2093970385708033,1.0000141735577495,0.12750386412545298,1.1581213050238433,1.155076963241706,0.279997167467108,0.12177702729424128,69663,69663,373.6780412182606,220723.3382454035,90.34355264159149,23270.338550039953,90.34227217017965,182506.92800293423,322.65880922600536,191089.72412188604
2100,z_80,size_90,0.8000000000000002,0.8714416182858846,-0.5117759861486383,1.0,1.0,0.25044956404464597,0.08025976999260122,3.9928198963159223,1.2637209154075073,1.000000002341111,0.10142595000544599,1.2058984177563912,1.0847324858934744,0.3020167330092165,0.0870603798213128,69243,69243,414.6417228322264,161435.15364244665,103.84683871805203,12956.748300063007,103.84683847493503,127745.89046853693,343.84465285532036,148824.8538158931
2100,z_90,equal,0.9000000000000001,0.0,0.9000000000000001,1.0,1.0,0.1796132532438697,0.24137664783827598,5.567517936078214,2.198239466111523,1.000000008992603,0.530603673475801,1.3380064378626884,1.0443137927591108,0.24032368916575908,0.25207296258747025,69891,69891,330.40054561543735,52467.831553186006,59.34431687153827,12664.509299651363,59.34431633787839,23868.114626290746,246.93494460550895,50241.44267458566
2100,z_90,size_80,0.9000000000000001,0.7964686621946876,-0.29463027700024136,1.0,1.0,0.36078607583186517,0.10826630997777406,2.771725593052059,1.1344943223982227,1.0000000000000018,0.1228275139767907,1.2236551365582562,1.0483005383035793,0.44147773489035835,0.11349563102984273,69600,69600,431.79575539072573,214936.10112709217,155.78589614827587,23270.338550039953,155.7858961482756,189455.42245882368,352.87373254953735,205032.90160941271
2100,z_90,size_90,0.9000000000000001,0.8714416182858846,-0.5420575768862299,1.0,1.0,0.39225916839352604,0.08489706069157466,2.5493349310239024,1.393939545337622,1.000000000000003,0.11834137018091408,1.1653105235019516,0.9826362927652669,0.45710373686910005,0.08342293298463678,69520,69520,437.12051619460385,152617.16005850906,171.46453017024413,12956.748300063007,171.46453017024362,109486.21162874327,375.11076007533524,155313.98665219705
2150,z_00,equal,-1.376981811053447e-17,0.0,6.722437906588872e-18,1.0,1.0,0.1423209327503851,0.16960942700252357,7.026373291175971,0.8695642439523935,1.0000000006525573,0.14748629315864809,1.2636796769217693,0.900247401209361,0.1798480703172115,0.15269044587963065,71873,71873,326.3895583526345,74668.66390311507,46.452066384733186,12664.509299651363,46.452066354420545,85869.05961510878,258.28504194013425,82942.38206387243
2150,z_00,size_80,-1.376981811053447e-17,0.7964686621946876,-0.019581006445603694,1.0,1.0,0.11385207020282773,0.10878628734162457,8.266278238129862,1.3652051138983796,0.9411328902836681,0.14851559580080442,1.1471214746862959,1.0554793143941181,0.1306021546671554,0.11482167597881944,71390,71390,393.75950748929824,213908.74823187475,44.83033508970245,23270.338550039953,47.63443670127189,156686.16096892036,343.2587709134989,202665.03124664817
2150,z_00,size_90,-1.376981811053447e-17,0.8714416182858846,0.0422758631115996,1.0,1.0,0.16487566504923296,0.07785465503952657,6.065176466330815,1.1125914811491666,1.0000000035272498,0.0866204259647843,1.2006756641652423,1.0220986271143755,0.1979621986376738,0.07957513603036338,71240,71240,393.4030605089669,166422.2684370627,64.86259123381956,12956.748300063007,64.862591005033,149580.75021855236,327.6513985002573,162824.0798120548
2150,z_80,equal,0.8000000000000002,0.0,0.8000000000000003,1.0,1.0,0.17967172702245643,0.20041499164692184,5.565705971417854,1.7683547855422124,1.0000000039838444,0.3544048095732367,1.187921039818576,1.018580072765208,0.2134358247905158,0.20413871677496018,72043,72043,332.87136045821677,63191.42692659876,59.80757220984243,12664.509299651363,59.80757197157837,35734.58643211296,280.2133721859613,62038.74257528792
2150,z_80,size_80,0.8000000000000002,0.7964686621946876,-0.3338028997675349,1.0,1.0,0.24176842810204882,0.10542763051258153,4.136247984933957,1.2093970385708033,1.0000141735577495,0.12750386412545298,1.1581213050238433,1.155076963241706,0.279997167467108,0.12177702729424128,71328,71328,373.6780412182606,220723.3382454035,90.34355264159149,23270.338550039953,90.34227217017965,182506.92800293423,322.65880922600536,191089.72412188604
2150,z_80,size_90,0.8000000000000002,0.8714416182858846,-0.5117759861486383,1.0,1.0,0.25044956404464597,0.08025976999260122,3.9928198963159223,1.2637209154075073,1.000000002341111,0.10142595000544599,1.2058984177563912,1.0847324858934744,0.3020167330092165,0.0870603798213128,70901,70901,414.6417228322264,161435.15364244665,103.84683871805203,12956.748300063007,103.84683847493503,127745.89046853693,343.84465285532036,148824.8538158931
2150,z_90,equal,0.9000000000000001,0.0,0.9000000000000001,1.0,1.0,0.1796132532438697,0.24137664783827598,5.567517936078214,2.198239466111523,1.000000008992603,0.530603673475801,1.3380064378626884,1.0443137927591108,0.24032368916575908,0.25207296258747025,71561,71561,330.40054561543735,52467.831553186006,59.34431687153827,12664.509299651363,59.34431633787839,23868.114626290746,246.93494460550895,50241.44267458566
2150,z_90,size_80,0.9000000000000001,0.7964686621946876,-0.29463027700024136,1.0,1.0,0.36078607583186517,0.10826630997777406,2.771725593052059,1.1344943223982227,1.0000000000000018,0.1228275139767907,1.2236551365582562,1.0483005383035793,0.44147773489035835,0.11349563102984273,71258,71258,431.79575539072573,214936.10112709217,155.78589614827587,23270.338550039953,155.7858961482756,189455.42245882368,352.87373254953735,205032.90160941271
2150,z_90,size_90,0.9000000000000001,0.8714416182858846,-0.5420575768862299,1.0,1.0,0.39225916839352604,0.08489706069157466,2.5493349310239024,1.393939545337622,1.000000000000003,0.11834137018091408,1.1653105235019516,0.9826362927652669,0.45710373686910005,0.08342293298463678,71176,71176,437.12051619460385,152617.16005850906,171.46453017024413,12956.748300063007,171.46453017024362,109486.21162874327,375.11076007533524,155313.98665219705
2200,z_00,equal,-1.376981811053447e-17,0.0,6.722437906588872e-18,1.0,1.0,0.1423209327503851,0.16960942700252357,7.026373291175971,0.8695642439523935,1.0000000006525573,0.14748629315864809,1.2636796769217693,0.900247401209361,0.1798480703172115,0.15269044587963065,73536,73536,326.3895583526345,74668.66390311507,46.452066384733186,12664.509299651363,46.452066354420545,85869.05961510878,258.28504194013425,82942.38206387243
2200,z_00,size_80,-1.376981811053447e-17,0.7964686621946876,-0.019581006445603694,1.0,1.0,0.11385207020282773,0.10878628734162457,8.266278238129862,1.3652051138983796,0.9411328902836681,0.14851559580080442,1.1471214746862959,1.0554793143941181,0.1306021546671554,0.11482167597881944,73059,73059,393.75950748929824,213908.74823187475,44.83033508970245,23270.338550039953,47.63443670127189,156686.16096892036,343.2587709134989,202665.03124664817
2200,z_00,size_90,-1.376981811053447e-17,0.8714416182858846,0.0422758631115996,1.0,1.0,0.16487566504923296,0.07785465503952657,6.065176466330815,1.1125914811491666,1.0000000035272498,0.0866204259647843,1.2006756641652423,1.0220986271143755,0.1979621986376738,0.07957513603036338,72907,72907,393.4030605089669,166422.2684370627,64.86259123381956,12956.748300063007,64.862591005033,149580.75021855236,327.6513985002573,162824.0798120548
2200,z_80,equal,0.8000000000000002,0.0,0.8000000000000003,1.0,1.0,0.17967172702245643,0.20041499164692184,5.565705971417854,1.7683547855422124,1.0000000039838444,0.3544048095732367,1.187921039818576,1.018580072765208,0.2134358247905158,0.20413871677496018,73720,73720,332.87136045821677,63191.42692659876,59.80757220984243,12664.509299651363,59.80757197157837,35734.58643211296,280.2133721859613,62038.74257528792
2200,z_80,size_80,0.8000000000000002,0.7964686621946876,-0.3338028997675349,1.0,1.0,0.24176842810204882,0.10542763051258153,4.136550761068372,1.1999637429979964,1.0000873752678339,0.1265093341252871,1.1581213050238433,1.155076963241706,0.279997167467108,0.12177702729424128,72982,72982,373.6780412182606,220723.3382454035,90.34355264159149,23270.338550039953,90.3356595391443,183941.67284917046,322.65880922600536,191089.72412188604
2200,z_80,size_90,0.8000000000000002,0.8714416182858846,-0.5117759861486383,1.0,1.0,0.25044956404464597,0.08025976999260122,3.9928198963159223,1.2637209154075073,1.000000002341111,0.10142595000544599,1.2058984177563912,1.0847324858934744,0.3020167330092165,0.0870603798213128,72563,72563,414.6417228322264,161435.15364244665,103.84683871805203,12956.748300063007,103.84683847493503,127745.89046853693,343.84465285532036,148824.8538158931
2200,z_90,equal,0.9000000000000001,0.0,0.9000000000000001,1.0,1.0,0.1796132532438697,0.24137664783827598,5.567517936078214,2.198239466111523,1.000000008992603,0.530603673475801,1.3380064378626884,1.0443137927591108,0.24032368916575908,0.25207296258747025,73234,73234,330.40054561543735,52467.831553186006,59.34431687153827,12664.509299651363,59.34431633787839,23868.114626290746,246.93494460550895,50241.44267458566
2200,z_90,size_80,0.9000000000000001,0.7964686621946876,-0.29463027700024136,1.0,1.0,0.36078607583186517,0.10826630997777406,2.771725593052059,1.1344943223982227,1.0000000000000018,0.1228275139767907,1.2236551365582562,1.0483005383035793,0.44147773489035835,0.11349563102984273,72903,72903,431.79575539072573,214936.10112709217,155.78589614827587,23270.338550039953,155.7858961482756,189455.42245882368,352.87373254953735,205032.90160941271
2200,z_90,size_90,0.9000000000000001,0.8714416182858846,-0.5420575768862299,1.0,1.0,0.39225916839352604,0.08489706069157466,2.5493349310239024,1.393939545337622,1.000000000000003,0.11834137018091408,1.1653105235019516,0.9826362927652669,0.45710373686910005,0.08342293298463678,72849,72849,437.12051619460385,152617.16005850906,171.46453017024413,12956.748300063007,171.46453017024362,109486.21162874327,375.11076007533524,155313.98665219705
2250,z_00,equal,-1.376981811053447e-17,0.0,6.722437906588872e-18,1.0,1.0,0.1423209327503851,0.16960942700252357,7.026373291175971,0.8695642439523935,1.0000000006525573,0.14748629315864809,1.2636796769217693,0.900247401209361,0.1798480703172115,0.15269044587963065,75222,75222,326.3895583526345,74668.66390311507,46.452066384733186,12664.509299651363,46.452066354420545,85869.05961510878,258.28504194013425,82942.38206387243
2250,z_00,size_80,-1.376981811053447e-17,0.7964686621946876,-0.019581006445603694,1.0,1.0,0.11385207020282773,0.10878628734162457,8.266278238129862,1.3652051138983796,0.9411328902836681,0.14851559580080442,1.1471214746862959,1.0554793143941181,0.1306021546671554,0.11482167597881944,74721,74721,393.75950748929824,213908.74823187475,44.83033508970245,23270.338550039953,47.63443670127189,156686.16096892036,343.2587709134989,202665.03124664817
2250,z_00,size_90,-1.376981811053447e-17,0.8714416182858846,0.0422758631115996,1.0,1.0,0.16487566504923296,0.07785465503952657,6.0651764663308185,1.1125914811491677,1.0000000035272505,0.08662042596478436,1.2006756641652423,1.0220986271143755,0.1979621986376738,0.07957513603036338,74562,74562,393.4030605089669,166422.2684370627,64.86259123381956,12956.748300063007,64.86259100503295,149580.75021855225,327.6513985002573,162824.0798120548
2250,z_80,equal,0.8000000000000002,0.0,0.8000000000000003,1.0,1.0,0.17967172702245643,0.20041499164692184,5.565705971417854,1.7683547855422124,1.0000000039838444,0.3544048095732367,1.187921039818576,1.018580072765208,0.2134358247905158,0.20413871677496018,75395,75395,332.87136045821677,63191.42692659876,59.80757220984243,12664.509299651363,59.80757197157837,35734.58643211296,280.2133721859613,62038.74257528792
2250,z_80,size_80,0.8000000000000002,0.7964686621946876,-0.3338028997675349,1.0,1.0,0.24176842810204882,0.10542763051258153,4.1365507610683725,1.1999637429979964,1.000087375267834,0.1265093341252871,1.1581213050238433,1.155076963241706,0.279997167467108,0.12177702729424128,74642,74642,373.6780412182606,220723.3382454035,90.34355264159149,23270.338550039953,90.33565953914427,183941.67284917046,322.65880922600536,191089.72412188604
2250,z_80,size_90,0.8000000000000002,0.8714416182858846,-0.5117759861486383,1.0,1.0,0.25044956404464597,0.08025976999260122,3.9928198963159236,1.263720915407511,1.0000000023411115,0.1014259500054463,1.2058984177563912,1.0847324858934744,0.3020167330092165,0.0870603798213128,74217,74217,414.6417228322264,161435.15364244665,103.84683871805203,12956.748300063007,103.84683847493498,127745.89046853654,343.84465285532036,148824.8538158931
2250,z_90,equal,0.9000000000000001,0.0,0.9000000000000001,1.0,1.0,0.1796132532438697,0.24137664783827598,5.567517936078214,2.198239466111523,1.000000008992603,0.530603673475801,1.3380064378626884,1.0443137927591108,0.24032368916575908,0.25207296258747025,74901,74901,330.40054561543735,52467.831553186006,59.34431687153827,12664.509299651363,59.34431633787839,23868.114626290746,246.93494460550895,50241.44267458566
2250,z_90,size_80,0.9000000000000001,0.7964686621946876,-0.29463027700024136,1.0,1.0,0.36078607583186517,0.10826630997777406,2.771725593052059,1.1344943223982227,1.0000000000000018,0.1228275139767907,1.2236551365582562,1.0483005383035793,0.44147773489035835,0.11349563102984273,74564,74564,431.79575539072573,214936.10112709217,155.78589614827587,23270.338550039953,155.7858961482756,189455.42245882368,352.87373254953735,205032.90160941271
2250,z_90,size_90,0.9000000000000001,0.8714416182858846,-0.5420575768862299,1.0,1.0,0.39225916839352604,0.08489706069157466,2.5493349310239024,1.393939545337622,1.000000000000003,0.11834137018091408,1.1653105235019516,0.9826362927652669,0.45710373686910005,0.08342293298463678,74512,74512,437.12051619460385,152617.16005850906,171.46453017024413,12956.748300063007,171.46453017024362,109486.21162874327,375.11076007533524,155313.98665219705
2300,z_00,equal,-1.376981811053447e-17,0.0,6.722437906588872e-18,1.0,1.0,0.1423209327503851,0.16960942700252357,7.026373291175971,0.8695642439523935,1.0000000006525573,0.14748629315864809,1.2636796769217693,0.900247401209361,0.1798480703172115,0.15269044587963065,76905,76905,326.3895583526345,74668.66390311507,46.452066384733186,12664.509299651363,46.452066354420545,85869.05961510878,258.28504194013425,82942.38206387243
2300,z_00,size_80,-1.376981811053447e-17,0.7964686621946876,-0.019581006445603694,1.0,1.0,0.11385207020282773,0.10878628734162457,8.7573589806165,1.3613244547011947,0.9970434494525136,0.14809343329430452,1.1471214746862959,1.0554793143941181,0.1306021546671554,0.11482167597881944,76385,76385,393.75950748929824,213908.74823187475,44.83033508970245,23270.338550039953,44.963271274004384,157132.818332296,343.2587709134989,202665.03124664817
2300,z_00,size_90,-1.376981811053447e-17,0.8714416182858846,0.0422758631115996,1.0,1.0,0.16487566504923296,0.07785465503952657,6.0651764663308185,1.1125914811491677,1.0000000035272505,0.08662042596478436,1.2006756641652423,1.0220986271143755,0.1979621986376738,0.07957513603036338,76231,76231,393.4030605089669,166422.2684370627,64.86259123381956,12956.748300063007,64.86259100503295,149580.75021855225,327.6513985002573,162824.0798120548
2300,z_80,equal,0.8000000000000002,0.0,0.8000000000000003,1.0,1.0,0.17967172702245643,0.20041499164692184,5.565705971417854,1.7683547855422124,1.0000000039838444,0.3544048095732367,1.187921039818576,1.018580072765208,0.2134358247905158,0.20413871677496018,77092,77092,332.87136045821677,63191.42692659876,59.80757220984243,12664.509299651363,59.80757197157837,35734.58643211296,280.2133721859613,62038.74257528792
2300,z_80,size_80,0.8000000000000002,0.7964686621946876,-0.3338028997675349,1.0,1.0,0.24176842810204882,0.10542763051258153,4.136550761068373,1.1999637429979977,1.0000873752678343,0.12650933412528723,1.1581213050238433,1.155076963241706,0.279997167467108,0.12177702729424128,76329,76329,373.6780412182606,220723.3382454035,90.34355264159149,23270.338550039953,90.33565953914426,183941.67284917022,322.65880922600536,191089.72412188604
2300,z_80,size_90,0.8000000000000002,0.8714416182858846,-0.5117759861486383,1.0,1.0,0.25044956404464597,0.08025976999260122,3.9928198963159245,1.2637209154075137,1.0000000023411117,0.10142595000544652,1.2058984177563912,1.0847324858934744,0.3020167330092165,0.0870603798213128,75872,75872,414.6417228322264,161435.15364244665,103.84683871805203,12956.748300063007,103.84683847493497,127745.89046853628,343.84465285532036,148824.8538158931
2300,z_90,equal,0.9000000000000001,0.0,0.9000000000000001,1.0,1.0,0.1796132532438697,0.24137664783827598,5.567517936078214,2.198239466111523,1.000000008992603,0.530603673475801,1.3380064378626884,1.0443137927591108,0.24032368916575908,0.25207296258747025,76562,76562,330.40054561543735,52467.831553186006,59.34431687153827,12664.509299651363,59.34431633787839,23868.114626290746,246.93494460550895,50241.44267458566
2300,z_90,size_80,0.9000000000000001,0.7964686621946876,-0.29463027700024136,1.0,1.0,0.36078607583186517,0.10826630997777406,2.771725593052059,1.1344943223982227,1.0000000000000018,0.1228275139767907,1.2236551365582562,1.0483005383035793,0.44147773489035835,0.11349563102984273,76232,76232,431.79575539072573,214936.10112709217,155.78589614827587,23270.338550039953,155.7858961482756,189455.42245882368,352.87373254953735,205032.90160941271
2300,z_90,size_90,0.9000000000000001,0.8714416182858846,-0.5420575768862299,1.0,1.0,0.39225916839352604,0.08489706069157466,2.5493349310239024,1.393939545337622,1.000000000000003,0.11834137018091408,1.1653105235019516,0.9826362927652669,0.45710373686910005,0.08342293298463678,76168,76168,437.12051619460385,152617.16005850906,171.46453017024413,12956.748300063007,171.46453017024362,109486.21162874327,375.11076007533524,155313.98665219705
2350,z_00,equal,-1.376981811053447e-17,0.0,6.722437906588872e-18,1.0,1.0,0.1423209327503851,0.16960942700252357,7.026373291175971,0.8695642439523935,1.0000000006525573,0.14748629315864809,1.2636796769217693,0.900247401209361,0.1798480703172115,0.15269044587963065,78568,78568,326.3895583526345,74668.66390311507,46.452066384733186,12664.509299651363,46.452066354420545,85869.05961510878,258.28504194013425,82942.38206387243
2350,z_00,size_80,-1.376981811053447e-17,0.7964686621946876,-0.019581006445603694,1.0,1.0,0.11385207020282773,0.10878628734162457,8.757358980616504,1.361324454701194,0.997043449452514,0.14809343329430447,1.1471214746862959,1.0554793143941181,0.1306021546671554,0.11482167597881944,78066,78066,393.75950748929824,213908.74823187475,44.83033508970245,23270.338550039953,44.96327127400437,157132.8183322961,343.2587709134989,202665.03124664817
2350,z_00,size_90,-1.376981811053447e-17,0.8714416182858846,0.0422758631115996,1.0,1.0,0.16487566504923296,0.07785465503952657,6.06517646633082,1.1125914811491686,1.0000000035272507,0.08662042596478445,1.2006756641652423,1.0220986271143755,0.1979621986376738,0.07957513603036338,77894,77894,393.4030605089669,166422.2684370627,64.86259123381956,12956.748300063007,64.86259100503294,149580.7502185521,327.6513985002573,162824.0798120548
2350,z_80,equal,0.8000000000000002,0.0,0.8000000000000003,1.0,1.0,0.17967172702245643,0.20041499164692184,5.565705971417854,1.7683547855422124,1.0000000039838444,0.3544048095732367,1.187921039818576,1.018580072765208,0.2134358247905158,0.20413871677496018,78778,78778,332.87136045821677,63191.42692659876,59.80757220984243,12664.509299651363,59.80757197157837,35734.58643211296,280.2133721859613,62038.74257528792
2350,z_80,size_80,0.8000000000000002,0.7964686621946876,-0.3338028997675349,1.0,1.0,0.24176842810204882,0.10542763051258153,4.136550761068373,1.1999637429979977,1.0000873752678343,0.12650933412528723,1.1581213050238433,1.155076963241706,0.279997167467108,0.12177702729424128,78006,78006,373.6780412182606,220723.3382454035,90.34355264159149,23270.338550039953,90.33565953914426,183941.67284917022,322.65880922600536,191089.72412188604
2350,z_80,size_90,0.8000000000000002,0.8714416182858846,-0.5117759861486383,1.0,1.0,0.25044956404464597,0.08025976999260122,3.9928198963159245,1.2637209154075137,1.0000000023411117,0.10142595000544652,1.2058984177563912,1.0847324858934744,0.3020167330092165,0.0870603798213128,77533,77533,414.6417228322264,161435.15364244665,103.84683871805203,12956.748300063007,103.84683847493497,127745.89046853628,343.84465285532036,148824.8538158931
2350,z_90,equal,0.9000000000000001,0.0,0.9000000000000001,1.0,1.0,0.1796132532438697,0.24137664783827598,5.567517936078214,2.198239466111523,1.000000008992603,0.530603673475801,1.3380064378626884,1.0443137927591108,0.24032368916575908,0.25207296258747025,78221,78221,330.40054561543735,52467.831553186006,59.34431687153827,12664.509299651363,59.34431633787839,23868.114626290746,246.93494460550895,50241.44267458566
2350,z_90,size_80,0.9000000000000001,0.7964686621946876,-0.29463027700024136,1.0,1.0,0.36078607583186517,0.10826630997777406,2.7717255930520595,1.1344943223982233,1.0000000000000018,0.12282751397679079,1.2236551365582562,1.0483005383035793,0.44147773489035835,0.11349563102984273,77891,77891,431.79575539072573,214936.10112709217,155.78589614827587,23270.338550039953,155.78589614827558,189455.42245882354,352.87373254953735,205032.90160941271
2350,z_90,size_90,0.9000000000000001,0.8714416182858846,-0.5420575768862299,1.0,1.0,0.39225916839352604,0.08489706069157466,2.5493349310239024,1.393939545337622,1.000000000000003,0.11834137018091408,1.1653105235019516,0.9826362927652669,0.45710373686910005,0.08342293298463678,77820,77820,437.12051619460385,152617.16005850906,171.46453017024413,12956.748300063007,171.46453017024362,109486.21162874327,375.11076007533524,155313.98665219705
2400,z_00,equal,-1.376981811053447e-17,0.0,6.722437906588872e-18,1.0,1.0,0.1423209327503851,0.16960942700252357,7.026373291175971,0.8695642439523935,1.0000000006525573,0.14748629315864809,1.2636796769217693,0.900247401209361,0.1798480703172115,0.15269044587963065,80243,80243,326.3895583526345,74668.66390311507,46.452066384733186,12664.509299651363,46.452066354420545,85869.05961510878,258.28504194013425,82942.38206387243
2400,z_00,size_80,-1.376981811053447e-17,0.7964686621946876,-0.019581006445603694,1.0,1.0,0.11385207020282773,0.10878628734162457,8.757358980616512,1.3613244547011947,0.997043449452515,0.14809343329430452,1.1471214746862959,1.0554793143941181,0.1306021546671554,0.11482167597881944,79739,79739,393.75950748929824,213908.74823187475,44.83033508970245,23270.338550039953,44.96327127400432,157132.818332296,343.2587709134989,202665.03124664817
2400,z_00,size_90,-1.376981811053447e-17,0.8714416182858846,0.0422758631115996,1.0,1.0,0.16487566504923296,0.07785465503952657,6.06517646633082,1.1125914811491686,1.0000000035272507,0.08662042596478445,1.2006756641652423,1.0220986271143755,0.1979621986376738,0.07957513603036338,79561,79561,393.4030605089669,166422.2684370627,64.86259123381956,12956.748300063007,64.86259100503294,149580.7502185521,327.6513985002573,162824.0798120548
2400,z_80,equal,0.8000000000000002,0.0,0.8000000000000003,1.0,1.0,0.17967172702245643,0.20041499164692184,5.565705971417854,1.7683547855422124,1.0000000039838444,0.3544048095732367,1.187921039818576,1.018580072765208,0.2134358247905158,0.20413871677496018,80453,80453,332.87136045821677,63191.42692659876,59.80757220984243,12664.509299651363,59.80757197157837,35734.58643211296,280.2133721859613,62038.74257528792
2400,z_80,size_80,0.8000000000000002,0.7964686621946876,-0.3338028997675349,1.0,1.0,0.24176842810204882,0.10542763051258153,4.136550761068373,1.1999637429979977,1.0000873752678343,0.12650933412528723,1.1581213050238433,1.155076963241706,0.279997167467108,0.12177702729424128,79676,79676,373.6780412182606,220723.3382454035,90.34355264159149,23270.338550039953,90.33565953914426,183941.67284917022,322.65880922600536,191089.72412188604
2400,z_80,size_90,0.8000000000000002,0.8714416182858846,-0.5117759861486383,1.0,1.0,0.25044956404464597,0.08025976999260122,3.9928198963159245,1.2637209154075137,1.0000000023411117,0.10142595000544652,1.2058984177563912,1.0847324858934744,0.3020167330092165,0.0870603798213128,79188,79188,414.6417228322264,161435.15364244665,103.84683871805203,12956.748300063007,103.84683847493497,127745.89046853628,343.84465285532036,148824.8538158931
2400,z_90,equal,0.9000000000000001,0.0,0.9000000000000001,1.0,1.0,0.1796132532438697,0.24137664783827598,5.567517936078214,2.198239466111523,1.000000008992603,0.530603673475801,1.3380064378626884,1.0443137927591108,0.24032368916575908,0.25207296258747025,79887,79887,330.40054561543735,52467.831553186006,59.34431687153827,12664.509299651363,59.34431633787839,23868.114626290746,246.93494460550895,50241.44267458566
2400,z_90,size_80,0.9000000000000001,0.7964686621946876,-0.29463027700024136,1.0,1.0,0.36078607583186517,0.10826630997777406,2.7717255930520595,1.1344943223982233,1.0000000000000018,0.12282751397679079,1.2236551365582562,1.0483005383035793,0.44147773489035835,0.11349563102984273,79552,79552,431.79575539072573,214936.10112709217,155.78589614827587,23270.338550039953,155.78589614827558,189455.42245882354,352.87373254953735,205032.90160941271
2400,z_90,size_90,0.9000000000000001,0.8714416182858846,-0.5420575768862299,1.0,1.0,0.39225916839352604,0.08489706069157466,2.5493349310239024,1.393939545337622,1.000000000000003,0.11834137018091408,1.1653105235019516,0.9826362927652669,0.45710373686910005,0.08342293298463678,79473,79473,437.12051619460385,152617.16005850906,171.46453017024413,12956.748300063007,171.46453017024362,109486.21162874327,375.11076007533524,155313.98665219705
2450,z_00,equal,-1.376981811053447e-17,0.0,6.722437906588872e-18,1.0,1.0,0.1423209327503851,0.16960942700252357,7.026373291175972,0.8695642439523935,1.0000000006525576,0.14748629315864809,1.2636796769217693,0.900247401209361,0.1798480703172115,0.15269044587963065,81913,81913,326.3895583526345,74668.66390311507,46.452066384733186,12664.509299651363,46.45206635442054,85869.05961510878,258.28504194013425,82942.38206387243
2450,z_00,size_80,-1.376981811053447e-17,0.7964686621946876,-0.019581006445603694,1.0,1.0,0.11385207020282773,0.10878628734162457,8.757358980616514,1.3613244547011958,0.9970434494525152,0.14809343329430466,1.1471214746862959,1.0554793143941181,0.1306021546671554,0.11482167597881944,81426,81426,393.75950748929824,213908.74823187475,44.83033508970245,23270.338550039953,44.96327127400431,157132.8183322959,343.2587709134989,202665.03124664817
2450,z_00,size_90,-1.376981811053447e-17,0.8714416182858846,0.0422758631115996,1.0,1.0,0.16487566504923296,0.07785465503952657,6.06517646633082,1.1125914811491686,1.0000000035272507,0.08662042596478445,1.2006756641652423,1.0220986271143755,0.1979621986376738,0.07957513603036338,81223,81223,393.4030605089669,166422.2684370627,64.86259123381956,12956.748300063007,64.86259100503294,149580.7502185521,327.6513985002573,162824.0798120548
2450,z_80,equal,0.8000000000000002,0.0,0.8000000000000003,1.0,1.0,0.17967172702245643,0.20041499164692184,5.565705971417854,1.7683547855422124,1.0000000039838444,0.3544048095732367,1.187921039818576,1.018580072765208,0.2134358247905158,0.20413871677496018,82135,82135,332.87136045821677,63191.42692659876,59.80757220984243,12664.509299651363,59.80757197157837,35734.58643211296,280.2133721859613,62038.74257528792
2450,z_80,size_80,0.8000000000000002,0.7964686621946876,-0.3338028997675349,1.0,1.0,0.24176842810204882,0.10542763051258153,4.136550761068373,1.1999637429979977,1.0000873752678343,0.12650933412528723,1.1581213050238433,1.155076963241706,0.279997167467108,0.12177702729424128,81323,81323,373.6780412182606,220723.3382454035,90.34355264159149,23270.338550039953,90.33565953914426,183941.67284917022,322.65880922600536,191089.72412188604
2450,z_80,size_90,0.8000000000000002,0.8714416182858846,-0.5117759861486383,1.0,1.0,0.25044956404464597,0.08025976999260122,3.9928198963159245,1.2637209154075137,1.0000000023411117,0.10142595000544652,1.2058984177563912,1.0847324858934744,0.3020167330092165,0.0870603798213128,80833,80833,414.6417228322264,161435.15364244665,103.84683871805203,12956.748300063007,103.84683847493497,127745.89046853628,343.84465285532036,148824.8538158931
2450,z_90,equal,0.9000000000000001,0.0,0.9000000000000001,1.0,1.0,0.1796132532438697,0.24137664783827598,5.567517936078214,2.198239466111523,1.000000008992603,0.530603673475801,1.3380064378626884,1.0443137927591108,0.24032368916575908,0.25207296258747025,81556,81556,330.40054561543735,52467.831553186006,59.34431687153827,12664.509299651363,59.34431633787839,23868.114626290746,246.93494460550895,50241.44267458566
2450,z_90,size_80,0.9000000000000001,0.7964686621946876,-0.29463027700024136,1.0,1.0,0.36078607583186517,0.10826630997777406,2.7717255930520595,1.1344943223982233,1.0000000000000018,0.12282751397679079,1.2236551365582562,1.0483005383035793,0.44147773489035835,0.11349563102984273,81208,81208,431.79575539072573,214936.10112709217,155.78589614827587,23270.338550039953,155.78589614827558,189455.42245882354,352.87373254953735,205032.90160941271
2450,z_90,size_90,0.9000000000000001,0.8714416182858846,-0.5420575768862299,1.0,1.0,0.39225916839352604,0.08489706069157466,2.5493349310239024,1.393939545337622,1.000000000000003,0.11834137018091408,1.1653105235019516,0.9826362927652669,0.45710373686910005,0.08342293298463678,81121,81121,437.12051619460385,152617.16005850906,171.46453017024413,12956.748300063007,171.46453017024362,109486.21162874327,375.11076007533524,155313.98665219705
2500,z_00,equal,-1.376981811053447e-17,0.0,6.722437906588872e-18,1.0,1.0,0.1423209327503851,0.16960942700252357,7.026373291175972,0.8695642439523935,1.0000000006525576,0.14748629315864809,1.2636796769217693,0.900247401209361,0.1798480703172115,0.15269044587963065,83590,83590,326.3895583526345,74668.66390311507,46.452066384733186,12664.509299651363,46.45206635442054,85869.05961510878,258.28504194013425,82942.38206387243
2500,z_00,size_80,-1.376981811053447e-17,0.7964686621946876,-0.019581006445603694,1.0,1.0,0.11385207020282773,0.10878628734162457,8.777662079771734,1.361726442987662,0.9993549993228702,0.14813716410754416,1.1471214746862959,1.0554793143941181,0.1306021546671554,0.11482167597881944,83103,83103,393.75950748929824,213908.74823187475,44.83033508970245,23270.338550039953,44.85926934880798,157086.4319580617,343.2587709134989,202665.03124664817
2500,z_00,size_90,-1.376981811053447e-17,0.8714416182858846,0.0422758631115996,1.0,1.0,0.16487566504923296,0.07785465503952657,6.065176466330821,1.1125914811491686,1.0000000035272507,0.08662042596478445,1.2006756641652423,1.0220986271143755,0.1979621986376738,0.07957513603036338,82884,82884,393.4030605089669,166422.2684370627,64.86259123381956,12956.748300063007,64.86259100503293,149580.7502185521,327.6513985002573,162824.0798120548
2500,z_80,equal,0.8000000000000002,0.0,0.8000000000000003,1.0,1.0,0.17967172702245643,0.20041499164692184,5.565705971417854,1.7683547855422124,1.0000000039838444,0.3544048095732367,1.187921039818576,1.018580072765208,0.2134358247905158,0.20413871677496018,83819,83819,332.87136045821677,63191.42692659876,59.80757220984243,12664.509299651363,59.80757197157837,35734.58643211296,280.2133721859613,62038.74257528792
2500,z_80,size_80,0.8000000000000002,0.7964686621946876,-0.3338028997675349,1.0,1.0,0.24176842810204882,0.10542763051258153,4.136550761068373,1.1999637429979977,1.0000873752678343,0.12650933412528723,1.1581213050238433,1.155076963241706,0.279997167467108,0.12177702729424128,82997,82997,373.6780412182606,220723.3382454035,90.34355264159149,23270.338550039953,90.33565953914426,183941.67284917022,322.65880922600536,191089.72412188604
2500,z_80,size_90,0.8000000000000002,0.8714416182858846,-0.5117759861486383,1.0,1.0,0.25044956404464597,0.08025976999260122,3.9928198963159245,1.2637209154075137,1.0000000023411117,0.10142595000544652,1.2058984177563912,1.0847324858934744,0.3020167330092165,0.0870603798213128,82491,82491,414.6417228322264,161435.15364244665,103.84683871805203,12956.748300063007,103.84683847493497,127745.89046853628,343.84465285532036,148824.8538158931
2500,z_90,equal,0.9000000000000001,0.0,0.9000000000000001,1.0,1.0,0.1796132532438697,0.24137664783827598,5.567517936078214,2.198239466111523,1.000000008992603,0.530603673475801,1.3380064378626884,1.0443137927591108,0.24032368916575908,0.25207296258747025,83212,83212,330.40054561543735,52467.831553186006,59.34431687153827,12664.509299651363,59.34431633787839,23868.114626290746,246.93494460550895,50241.44267458566
2500,z_90,size_80,0.9000000000000001,0.7964686621946876,-0.29463027700024136,1.0,1.0,0.36078607583186517,0.10826630997777406,2.7717255930520595,1.1344943223982233,1.0000000000000018,0.12282751397679079,1.2236551365582562,1.0483005383035793,0.44147773489035835,0.11349563102984273,82874,82874,431.79575539072573,214936.10112709217,155.78589614827587,23270.338550039953,155.78589614827558,189455.42245882354,352.87373254953735,205032.90160941271
2500,z_90,size_90,0.9000000000000001,0.8714416182858846,-0.5420575768862299,1.0,1.0,0.39225916839352604,0.08489706069157466,2.5493349310239024,1.393939545337622,1.000000000000003,0.11834137018091408,1.1653105235019516,0.9826362927652669,0.45710373686910005,0.08342293298463678,82792,82792,437.12051619460385,152617.16005850906,171.46453017024413,12956.748300063007,171.46453017024362,109486.21162874327,375.11076007533524,155313.98665219705
2550,z_00,equal,-1.376981811053447e-17,0.0,6.722437906588872e-18,1.0,1.0,0.1423209327503851,0.16960942700252357,7.026373291175972,0.8695642439523935,1.0000000006525576,0.14748629315864809,1.2636796769217693,0.900247401209361,0.1798480703172115,0.15269044587963065,85243,85243,326.3895583526345,74668.66390311507,46.452066384733186,12664.509299651363,46.45206635442054,85869.05961510878,258.28504194013425,82942.38206387243
2550,z_00,size_80,-1.376981811053447e-17,0.7964686621946876,-0.019581006445603694,1.0,1.0,0.11385207020282773,0.10878628734162457,8.777662079771737,1.3617264429876634,0.9993549993228705,0.1481371641075443,1.1471214746862959,1.0554793143941181,0.1306021546671554,0.11482167597881944,84768,84768,393.75950748929824,213908.74823187475,44.83033508970245,23270.338550039953,44.85926934880796,157086.43195806153,343.2587709134989,202665.03124664817
2550,z_00,size_90,-1.376981811053447e-17,0.8714416182858846,0.0422758631115996,1.0,1.0,0.16487566504923296,0.07785465503952657,6.065176466330825,1.1125914811491682,1.0000000035272514,0.0866204259647844,1.2006756641652423,1.0220986271143755,0.1979621986376738,0.07957513603036338,84543,84543,393.4030605089669,166422.2684370627,64.86259123381956,12956.748300063007,64.8625910050329,149580.75021855216,327.6513985002573,162824.0798120548
2550,z_80,equal,0.8000000000000002,0.0,0.8000000000000003,1.0,1.0,0.17967172702245643,0.20041499164692184,5.565705971417854,1.7683547855422124,1.0000000039838444,0.3544048095732367,1.187921039818576,1.018580072765208,0.2134358247905158,0.20413871677496018,85494,85494,332.87136045821677,63191.42692659876,59.80757220984243,12664.509299651363,59.80757197157837,35734.58643211296,280.2133721859613,62038.74257528792
2550,z_80,size_80,0.8000000000000002,0.7964686621946876,-0.3338028997675349,1.0,1.0,0.24176842810204882,0.10542763051258153,4.136550761068373,1.1999637429979977,1.0000873752678343,0.12650933412528723,1.1581213050238433,1.155076963241706,0.279997167467108,0.12177702729424128,84660,84660,373.6780412182606,220723.3382454035,90.34355264159149,23270.338550039953,90.33565953914426,183941.67284917022,322.65880922600536,191089.72412188604
2550,z_80,size_90,0.8000000000000002,0.8714416182858846,-0.5117759861486383,1.0,1.0,0.25044956404464597,0.08025976999260122,3.9928198963159245,1.2637209154075137,1.0000000023411117,0.10142595000544652,1.2058984177563912,1.0847324858934744,0.3020167330092165,0.0870603798213128,84140,84140,414.6417228322264,161435.15364244665,103.84683871805203,12956.748300063007,103.84683847493497,127745.89046853628,343.84465285532036,148824.8538158931
2550,z_90,equal,0.9000000000000001,0.0,0.9000000000000001,1.0,1.0,0.1796132532438697,0.24137664783827598,5.567517936078214,2.198239466111523,1.000000008992603,0.530603673475801,1.3380064378626884,1.0443137927591108,0.24032368916575908,0.25207296258747025,84885,84885,330.40054561543735,52467.831553186006,59.34431687153827,12664.509299651363,59.34431633787839,23868.114626290746,246.93494460550895,50241.44267458566
2550,z_90,size_80,0.9000000000000001,0.7964686621946876,-0.29463027700024136,1.0,1.0,0.36078607583186517,0.10826630997777406,2.7717255930520595,1.1344943223982233,1.0000000000000018,0.12282751397679079,1.2236551365582562,1.0483005383035793,0.44147773489035835,0.11349563102984273,84552,84552,431.79575539072573,214936.10112709217,155.78589614827587,23270.338550039953,155.78589614827558,189455.42245882354,352.87373254953735,205032.90160941271
2550,z_90,size_90,0.9000000000000001,0.8714416182858846,-0.5420575768862299,1.0,1.0,0.39225916839352604,0.08489706069157466,2.5493349310239024,1.393939545337622,1.000000000000003,0.11834137018091408,1.1653105235019516,0.9826362927652669,0.45710373686910005,0.08342293298463678,84450,84450,437.12051619460385,152617.16005850906,171.46453017024413,12956.748300063007,171.46453017024362,109486.21162874327,375.11076007533524,155313.98665219705
2600,z_00,equal,-1.376981811053447e-17,0.0,6.722437906588872e-18,1.0,1.0,0.1423209327503851,0.16960942700252357,7.026373291175972,0.8695642439523935,1.0000000006525576,0.14748629315864809,1.2636796769217693,0.900247401209361,0.1798480703172115,0.15269044587963065,86904,86904,326.3895583526345,74668.66390311507,46.452066384733186,12664.509299651363,46.45206635442054,85869.05961510878,258.28504194013425,82942.38206387243
2600,z_00,size_80,-1.376981811053447e-17,0.7964686621946876,-0.019581006445603694,1.0,1.0,0.11385207020282773,0.10878628734162457,8.777662079771737,1.3617264429876634,0.9993549993228706,0.1481371641075443,1.1471214746862959,1.0554793143941181,0.1306021546671554,0.11482167597881944,86432,86432,393.75950748929824,213908.74823187475,44.83033508970245,23270.338550039953,44.859269348807956,157086.43195806153,343.2587709134989,202665.03124664817
2600,z_00,size_90,-1.376981811053447e-17,0.8714416182858846,0.0422758631115996,1.0,1.0,0.16487566504923296,0.07785465503952657,6.06517646633083,1.1125914811491713,1.0000000035272523,0.08662042596478466,1.2006756641652423,1.0220986271143755,0.1979621986376738,0.07957513603036338,86209,86209,393.4030605089669,166422.2684370627,64.86259123381956,12956.748300063007,64.86259100503284,149580.75021855172,327.6513985002573,162824.0798120548
2600,z_80,equal,0.8000000000000002,0.0,0.8000000000000003,1.0,1.0,0.17967172702245643,0.20041499164692184,5.565705971417854,1.7683547855422124,1.0000000039838444,0.3544048095732367,1.187921039818576,1.018580072765208,0.2134358247905158,0.20413871677496018,87180,87180,332.87136045821677,63191.42692659876,59.80757220984243,12664.509299651363,59.80757197157837,35734.58643211296,280.2133721859613,62038.74257528792
2600,z_80,size_80,0.8000000000000002,0.7964686621946876,-0.3338028997675349,1.0,1.0,0.24176842810204882,0.10542763051258153,4.136550761068374,1.199963742997999,1.0000873752678345,0.1265093341252874,1.1581213050238433,1.155076963241706,0.279997167467108,0.12177702729424128,86335,86335,373.6780412182606,220723.3382454035,90.34355264159149,23270.338550039953,90.33565953914423,183941.67284917002,322.65880922600536,191089.72412188604
2600,z_80,size_90,0.8000000000000002,0.8714416182858846,-0.5117759861486383,1.0,1.0,0.25044956404464597,0.08025976999260122,3.9928198963159245,1.2637209154075137,1.0000000023411117,0.10142595000544652,1.2058984177563912,1.0847324858934744,0.3020167330092165,0.0870603798213128,85795,85795,414.6417228322264,161435.15364244665,103.84683871805203,12956.748300063007,103.84683847493497,127745.89046853628,343.84465285532036,148824.8538158931
2600,z_90,equal,0.9000000000000001,0.0,0.9000000000000001,1.0,1.0,0.1796132532438697,0.24137664783827598,5.567517936078214,2.198239466111523,1.000000008992603,0.530603673475801,1.3380064378626884,1.0443137927591108,0.24032368916575908,0.25207296258747025,86550,86550,330.40054561543735,52467.831553186006,59.34431687153827,12664.509299651363,59.34431633787839,23868.114626290746,246.93494460550895,50241.44267458566
2600,z_90,size_80,0.9000000000000001,0.7964686621946876,-0.29463027700024136,1.0,1.0,0.36078607583186517,0.10826630997777406,2.7717255930520595,1.1344943223982233,1.0000000000000018,0.12282751397679079,1.2236551365582562,1.0483005383035793,0.44147773489035835,0.11349563102984273,86226,86226,431.79575539072573,214936.10112709217,155.78589614827587,23270.338550039953,155.78589614827558,189455.42245882354,352.87373254953735,205032.90160941271
2600,z_90,size_90,0.9000000000000001,0.8714416182858846,-0.5420575768862299,1.0,1.0,0.39225916839352604,0.08489706069157466,2.5493349310239024,1.393939545337622,1.000000000000003,0.11834137018091408,1.1653105235019516,0.9826362927652669,0.45710373686910005,0.08342293298463678,86106,86106,437.12051619460385,152617.16005850906,171.46453017024413,12956.748300063007,171.46453017024362,109486.21162874327,375.11076007533524,155313.98665219705
2650,z_00,equal,-1.376981811053447e-17,0.0,6.722437906588872e-18,1.0,1.0,0.1423209327503851,0.16960942700252357,7.026373291175972,0.8695642439523935,1.0000000006525576,0.14748629315864809,1.2636796769217693,0.900247401209361,0.1798480703172115,0.15269044587963065,88570,88570,326.3895583526345,74668.66390311507,46.452066384733186,12664.509299651363,46.45206635442054,85869.05961510878,258.28504194013425,82942.38206387243
2650,z_00,size_80,-1.376981811053447e-17,0.7964686621946876,-0.019581006445603694,1.0,1.0,0.11385207020282773,0.10878628734162457,8.777662079771737,1.3617264429876634,0.9993549993228706,0.1481371641075443,1.1471214746862959,1.0554793143941181,0.1306021546671554,0.11482167597881944,88095,88095,393.75950748929824,213908.74823187475,44.83033508970245,23270.338550039953,44.859269348807956,157086.43195806153,343.2587709134989,202665.03124664817
2650,z_00,size_90,-1.376981811053447e-17,0.8714416182858846,0.0422758631115996,1.0,1.0,0.16487566504923296,0.07785465503952657,6.06517646633083,1.1125914811491713,1.0000000035272523,0.08662042596478466,1.2006756641652423,1.0220986271143755,0.1979621986376738,0.07957513603036338,87884,87884,393.4030605089669,166422.2684370627,64.86259123381956,12956.748300063007,64.86259100503284,149580.75021855172,327.6513985002573,162824.0798120548
2650,z_80,equal,0.8000000000000002,0.0,0.8000000000000003,1.0,1.0,0.17967172702245643,0.20041499164692184,5.565705971417854,1.7683547855422124,1.0000000039838444,0.3544048095732367,1.187921039818576,1.018580072765208,0.2134358247905158,0.20413871677496018,88842,88842,332.87136045821677,63191.42692659876,59.80757220984243,12664.509299651363,59.80757197157837,35734.58643211296,280.2133721859613,62038.74257528792
2650,z_80,size_80,0.8000000000000002,0.7964686621946876,-0.3338028997675349,1.0,1.0,0.24176842810204882,0.10542763051258153,4.136550761068375,1.1999637429979988,1.0000873752678348,0.12650933412528736,1.1581213050238433,1.155076963241706,0.279997167467108,0.12177702729424128,87996,87996,373.6780412182606,220723.3382454035,90.34355264159149,23270.338550039953,90.33565953914422,183941.67284917008,322.65880922600536,191089.72412188604
2650,z_80,size_90,0.8000000000000002,0.8714416182858846,-0.5117759861486383,1.0,1.0,0.25044956404464597,0.08025976999260122,3.9928198963159245,1.2637209154075137,1.0000000023411117,0.10142595000544652,1.2058984177563912,1.0847324858934744,0.3020167330092165,0.0870603798213128,87459,87459,414.6417228322264,161435.15364244665,103.84683871805203,12956.748300063007,103.84683847493497,127745.89046853628,343.84465285532036,148824.8538158931
2650,z_90,equal,0.9000000000000001,0.0,0.9000000000000001,1.0,1.0,0.1796132532438697,0.24137664783827598,5.567517936078214,2.198239466111523,1.000000008992603,0.530603673475801,1.3380064378626884,1.0443137927591108,0.24032368916575908,0.25207296258747025,88216,88216,330.40054561543735,52467.831553186006,59.34431687153827,12664.509299651363,59.34431633787839,23868.114626290746,246.93494460550895,50241.44267458566
2650,z_90,size_80,0.9000000000000001,0.7964686621946876,-0.29463027700024136,1.0,1.0,0.36078607583186517,0.10826630997777406,2.7717255930520595,1.1344943223982233,1.0000000000000018,0.12282751397679079,1.2236551365582562,1.0483005383035793,0.44147773489035835,0.11349563102984273,87883,87883,431.79575539072573,214936.10112709217,155.78589614827587,23270.338550039953,155.78589614827558,189455.42245882354,352.87373254953735,205032.90160941271
2650,z_90,size_90,0.9000000000000001,0.8714416182858846,-0.5420575768862299,1.0,1.0,0.39225916839352604,0.08489706069157466,2.5493349310239024,1.393939545337622,1.000000000000003,0.11834137018091408,1.1653105235019516,0.9826362927652669,0.45710373686910005,0.08342293298463678,87764,87764,437.12051619460385,152617.16005850906,171.46453017024413,12956.748300063007,171.46453017024362,109486.21162874327,375.11076007533524,155313.98665219705
2700,z_00,equal,-1.376981811053447e-17,0.0,6.722437906588872e-18,1.0,1.0,0.1423209327503851,0.16960942700252357,7.026373291175972,0.8695642439523935,1.0000000006525576,0.14748629315864809,1.2636796769217693,0.900247401209361,0.1798480703172115,0.15269044587963065,90254,90254,326.3895583526345,74668.66390311507,46.452066384733186,12664.509299651363,46.45206635442054,85869.05961510878,258.28504194013425,82942.38206387243
2700,z_00,size_80,-1.376981811053447e-17,0.7964686621946876,-0.019581006445603694,1.0,1.0,0.11385207020282773,0.10878628734162457,8.777662079771737,1.3617264429876634,0.9993549993228706,0.1481371641075443,1.1471214746862959,1.0554793143941181,0.1306021546671554,0.11482167597881944,89762,89762,393.75950748929824,213908.74823187475,44.83033508970245,23270.338550039953,44.859269348807956,157086.43195806153,343.2587709134989,202665.03124664817
2700,z_00,size_90,-1.376981811053447e-17,0.8714416182858846,0.0422758631115996,1.0,1.0,0.16487566504923296,0.07785465503952657,6.06517646633083,1.1125914811491713,1.0000000035272523,0.08662042596478466,1.2006756641652423,1.0220986271143755,0.1979621986376738,0.07957513603036338,89546,89546,393.4030605089669,166422.2684370627,64.86259123381956,12956.748300063007,64.86259100503284,149580.75021855172,327.6513985002573,162824.0798120548
2700,z_80,equal,0.8000000000000002,0.0,0.8000000000000003,1.0,1.0,0.17967172702245643,0.20041499164692184,5.565705971417854,1.7683547855422124,1.0000000039838444,0.3544048095732367,1.187921039818576,1.018580072765208,0.2134358247905158,0.20413871677496018,90520,90520,332.87136045821677,63191.42692659876,59.80757220984243,12664.509299651363,59.80757197157837,35734.58643211296,280.2133721859613,62038.74257528792
2700,z_80,size_80,0.8000000000000002,0.7964686621946876,-0.3338028997675349,1.0,1.0,0.24176842810204882,0.10542763051258153,4.136550761068375,1.1999637429979988,1.0000873752678348,0.12650933412528736,1.1581213050238433,1.155076963241706,0.279997167467108,0.12177702729424128,89657,89657,373.6780412182606,220723.3382454035,90.34355264159149,23270.338550039953,90.33565953914422,183941.67284917008,322.65880922600536,191089.72412188604
2700,z_80,size_90,0.8000000000000002,0.8714416182858846,-0.5117759861486383,1.0,1.0,0.25044956404464597,0.08025976999260122,3.9928198963159245,1.2637209154075137,1.0000000023411117,0.10142595000544652,1.2058984177563912,1.0847324858934744,0.3020167330092165,0.0870603798213128,89118,89118,414.6417228322264,161435.15364244665,103.84683871805203,12956.748300063007,103.84683847493497,127745.89046853628,343.84465285532036,148824.8538158931
2700,z_90,equal,0.9000000000000001,0.0,0.9000000000000001,1.0,1.0,0.1796132532438697,0.24137664783827598,5.567517936078214,2.198239466111523,1.000000008992603,0.530603673475801,1.3380064378626884,1.0443137927591108,0.24032368916575908,0.25207296258747025,89884,89884,330.40054561543735,52467.831553186006,59.34431687153827,12664.509299651363,59.34431633787839,23868.114626290746,246.93494460550895,50241.44267458566
2700,z_90,size_80,0.9000000000000001,0.7964686621946876,-0.29463027700024136,1.0,1.0,0.36078607583186517,0.10826630997777406,2.77172559305206,1.1344943223982222,1.000000000000002,0.12282751397679066,1.2236551365582562,1.0483005383035793,0.44147773489035835,0.11349563102984273,89547,89547,431.79575539072573,214936.10112709217,155.78589614827587,23270.338550039953,155.78589614827555,189455.42245882374,352.87373254953735,205032.90160941271
2700,z_90,size_90,0.9000000000000001,0.8714416182858846,-0.5420575768862299,1.0,1.0,0.39225916839352604,0.08489706069157466,2.5493349310239024,1.393939545337622,1.000000000000003,0.11834137018091408,1.1653105235019516,0.9826362927652669,0.45710373686910005,0.08342293298463678,89435,89435,437.12051619460385,152617.16005850906,171.46453017024413,12956.748300063007,171.46453017024362,109486.21162874327,375.11076007533524,155313.98665219705
2750,z_00,equal,-1.376981811053447e-17,0.0,6.722437906588872e-18,1.0,1.0,0.1423209327503851,0.16960942700252357,7.026373291175972,0.8695642439523935,1.0000000006525576,0.14748629315864809,1.2636796769217693,0.900247401209361,0.1798480703172115,0.15269044587963065,91919,91919,326.3895583526345,74668.66390311507,46.452066384733186,12664.509299651363,46.45206635442054,85869.05961510878,258.28504194013425,82942.38206387243
2750,z_00,size_80,-1.376981811053447e-17,0.7964686621946876,-0.019581006445603694,1.0,1.0,0.11385207020282773,0.10878628734162457,8.777662079771737,1.3617264429876634,0.9993549993228706,0.1481371641075443,1.1471214746862959,1.0554793143941181,0.1306021546671554,0.11482167597881944,91424,91424,393.75950748929824,213908.74823187475,44.83033508970245,23270.338550039953,44.859269348807956,157086.43195806153,343.2587709134989,202665.03124664817
2750,z_00,size_90,-1.376981811053447e-17,0.8714416182858846,0.0422758631115996,1.0,1.0,0.16487566504923296,0.07785465503952657,6.06517646633083,1.1125914811491713,1.0000000035272523,0.08662042596478466,1.2006756641652423,1.0220986271143755,0.1979621986376738,0.07957513603036338,91200,91200,393.4030605089669,166422.2684370627,64.86259123381956,12956.748300063007,64.86259100503284,149580.75021855172,327.6513985002573,162824.0798120548
2750,z_80,equal,0.8000000000000002,0.0,0.8000000000000003,1.0,1.0,0.17967172702245643,0.20041499164692184,5.565705971417854,1.7683547855422124,1.0000000039838444,0.3544048095732367,1.187921039818576,1.018580072765208,0.2134358247905158,0.20413871677496018,92193,92193,332.87136045821677,63191.42692659876,59.80757220984243,12664.509299651363,59.80757197157837,35734.58643211296,280.2133721859613,62038.74257528792
2750,z_80,size_80,0.8000000000000002,0.7964686621946876,-0.3338028997675349,1.0,1.0,0.24176842810204882,0.10542763051258153,4.136550761068375,1.1999637429979988,1.0000873752678348,0.12650933412528736,1.1581213050238433,1.155076963241706,0.279997167467108,0.12177702729424128,91328,91328,373.6780412182606,220723.3382454035,90.34355264159149,23270.338550039953,90.33565953914422,183941.67284917008,322.65880922600536,191089.72412188604
2750,z_80,size_90,0.8000000000000002,0.8714416182858846,-0.5117759861486383,1.0,1.0,0.25044956404464597,0.08025976999260122,3.9928198963159245,1.2637209154075137,1.0000000023411117,0.10142595000544652,1.2058984177563912,1.0847324858934744,0.3020167330092165,0.0870603798213128,90757,90757,414.6417228322264,161435.15364244665,103.84683871805203,12956.748300063007,103.84683847493497,127745.89046853628,343.84465285532036,148824.8538158931
2750,z_90,equal,0.9000000000000001,0.0,0.9000000000000001,1.0,1.0,0.1796132532438697,0.24137664783827598,5.567517936078214,2.198239466111523,1.000000008992603,0.530603673475801,1.3380064378626884,1.0443137927591108,0.24032368916575908,0.25207296258747025,91542,91542,330.40054561543735,52467.831553186006,59.34431687153827,12664.509299651363,59.34431633787839,23868.114626290746,246.93494460550895,50241.44267458566
2750,z_90,size_80,0.9000000000000001,0.7964686621946876,-0.29463027700024136,1.0,1.0,0.36078607583186517,0.10826630997777406,2.77172559305206,1.1344943223982222,1.000000000000002,0.12282751397679066,1.2236551365582562,1.0483005383035793,0.44147773489035835,0.11349563102984273,91215,91215,431.79575539072573,214936.10112709217,155.78589614827587,23270.338550039953,155.78589614827555,189455.42245882374,352.87373254953735,205032.90160941271
2750,z_90,size_90,0.9000000000000001,0.8714416182858846,-0.5420575768862299,1.0,1.0,0.39225916839352604,0.08489706069157466,2.5493349310239024,1.393939545337622,1.000000000000003,0.11834137018091408,1.1653105235019516,0.9826362927652669,0.45710373686910005,0.08342293298463678,91091,91091,437.12051619460385,152617.16005850906,171.46453017024413,12956.748300063007,171.46453017024362,109486.21162874327,375.11076007533524,155313.98665219705
2800,z_00,equal,-1.376981811053447e-17,0.0,6.722437906588872e-18,1.0,1.0,0.1423209327503851,0.16960942700252357,7.026373291175972,0.8695642439523935,1.0000000006525576,0.14748629315864809,1.2636796769217693,0.900247401209361,0.1798480703172115,0.15269044587963065,93584,93584,326.3895583526345,74668.66390311507,46.452066384733186,12664.509299651363,46.45206635442054,85869.05961510878,258.28504194013425,82942.38206387243
2800,z_00,size_80,-1.376981811053447e-17,0.7964686621946876,-0.019581006445603694,1.0,1.0,0.11385207020282773,0.10878628734162457,8.777662079771737,1.3617264429876634,0.9993549993228706,0.1481371641075443,1.1471214746862959,1.0554793143941181,0.1306021546671554,0.11482167597881944,93081,93081,393.75950748929824,213908.74823187475,44.83033508970245,23270.338550039953,44.859269348807956,157086.43195806153,343.2587709134989,202665.03124664817
2800,z_00,size_90,-1.376981811053447e-17,0.8714416182858846,0.0422758631115996,1.0,1.0,0.16487566504923296,0.07785465503952657,6.06517646633083,1.1125914811491713,1.0000000035272523,0.08662042596478466,1.2006756641652423,1.0220986271143755,0.1979621986376738,0.07957513603036338,92861,92861,393.4030605089669,166422.2684370627,64.86259123381956,12956.748300063007,64.86259100503284,149580.75021855172,327.6513985002573,162824.0798120548
2800,z_80,equal,0.8000000000000002,0.0,0.8000000000000003,1.0,1.0,0.17967172702245643,0.20041499164692184,5.565705971417854,1.7683547855422124,1.0000000039838444,0.3544048095732367,1.187921039818576,1.018580072765208,0.2134358247905158,0.20413871677496018,93865,93865,332.87136045821677,63191.42692659876,59.80757220984243,12664.509299651363,59.80757197157837,35734.58643211296,280.2133721859613,62038.74257528792
2800,z_80,size_80,0.8000000000000002,0.7964686621946876,-0.3338028997675349,1.0,1.0,0.24176842810204882,0.10542763051258153,4.136550761068375,1.1999637429979988,1.0000873752678348,0.12650933412528736,1.1581213050238433,1.155076963241706,0.279997167467108,0.12177702729424128,93013,93013,373.6780412182606,220723.3382454035,90.34355264159149,23270.338550039953,90.33565953914422,183941.67284917008,322.65880922600536,191089.72412188604
2800,z_80,size_90,0.8000000000000002,0.8714416182858846,-0.5117759861486383,1.0,1.0,0.25044956404464597,0.08025976999260122,3.9928198963159245,1.2637209154075137,1.0000000023411117,0.10142595000544652,1.2058984177563912,1.0847324858934744,0.3020167330092165,0.0870603798213128,92401,92401,414.6417228322264,161435.15364244665,103.84683871805203,12956.748300063007,103.84683847493497,127745.89046853628,343.84465285532036,148824.8538158931
2800,z_90,equal,0.9000000000000001,0.0,0.9000000000000001,1.0,1.0,0.1796132532438697,0.24137664783827598,5.567517936078214,2.198239466111523,1.000000008992603,0.530603673475801,1.3380064378626884,1.0443137927591108,0.24032368916575908,0.25207296258747025,93201,93201,330.40054561543735,52467.831553186006,59.34431687153827,12664.509299651363,59.34431633787839,23868.114626290746,246.93494460550895,50241.44267458566
2800,z_90,size_80,0.9000000000000001,0.7964686621946876,-0.29463027700024136,1.0,1.0,0.36078607583186517,0.10826630997777406,2.77172559305206,1.1344943223982222,1.000000000000002,0.12282751397679066,1.2236551365582562,1.0483005383035793,0.44147773489035835,0.11349563102984273,92883,92883,431.79575539072573,214936.10112709217,155.78589614827587,23270.338550039953,155.78589614827555,189455.42245882374,352.87373254953735,205032.90160941271
2800,z_90,size_90,0.9000000000000001,0.8714416182858846,-0.5420575768862299,1.0,1.0,0.39225916839352604,0.08489706069157466,2.5493349310239024,1.393939545337622,1.000000000000003,0.11834137018091408,1.1653105235019516,0.9826362927652669,0.45710373686910005,0.08342293298463678,92753,92753,437.12051619460385,152617.16005850906,171.46453017024413,12956.748300063007,171.46453017024362,109486.21162874327,375.11076007533524,155313.98665219705
2850,z_00,equal,-1.376981811053447e-17,0.0,6.722437906588872e-18,1.0,1.0,0.1423209327503851,0.16960942700252357,7.026373291175972,0.8695642439523935,1.0000000006525576,0.14748629315864809,1.2636796769217693,0.900247401209361,0.1798480703172115,0.15269044587963065,95268,95268,326.3895583526345,74668.66390311507,46.452066384733186,12664.509299651363,46.45206635442054,85869.05961510878,258.28504194013425,82942.38206387243
2850,z_00,size_80,-1.376981811053447e-17,0.7964686621946876,-0.019581006445603694,1.0,1.0,0.11385207020282773,0.10878628734162457,8.777662079771737,1.3617264429876634,0.9993549993228706,0.1481371641075443,1.1471214746862959,1.0554793143941181,0.1306021546671554,0.11482167597881944,94765,94765,393.75950748929824,213908.74823187475,44.83033508970245,23270.338550039953,44.859269348807956,157086.43195806153,343.2587709134989,202665.03124664817
2850,z_00,size_90,-1.376981811053447e-17,0.8714416182858846,0.0422758631115996,1.0,1.0,0.16487566504923296,0.07785465503952657,6.06517646633083,1.1125914811491713,1.0000000035272523,0.08662042596478466,1.2006756641652423,1.0220986271143755,0.1979621986376738,0.07957513603036338,94527,94527,393.4030605089669,166422.2684370627,64.86259123381956,12956.748300063007,64.86259100503284,149580.75021855172,327.6513985002573,162824.0798120548
2850,z_80,equal,0.8000000000000002,0.0,0.8000000000000003,1.0,1.0,0.17967172702245643,0.20041499164692184,5.565705971417854,1.7683547855422124,1.0000000039838444,0.3544048095732367,1.187921039818576,1.018580072765208,0.2134358247905158,0.20413871677496018,95535,95535,332.87136045821677,63191.42692659876,59.80757220984243,12664.509299651363,59.80757197157837,35734.58643211296,280.2133721859613,62038.74257528792
2850,z_80,size_80,0.8000000000000002,0.7964686621946876,-0.3338028997675349,1.0,1.0,0.24176842810204882,0.10542763051258153,4.136550761068375,1.1999637429979988,1.0000873752678348,0.12650933412528736,1.1581213050238433,1.155076963241706,0.279997167467108,0.12177702729424128,94665,94665,373.6780412182606,220723.3382454035,90.34355264159149,23270.338550039953,90.33565953914422,183941.67284917008,322.65880922600536,191089.72412188604
2850,z_80,size_90,0.8000000000000002,0.8714416182858846,-0.5117759861486383,1.0,1.0,0.25044956404464597,0.08025976999260122,3.9928198963159245,1.2637209154075137,1.0000000023411117,0.10142595000544652,1.2058984177563912,1.0847324858934744,0.3020167330092165,0.0870603798213128,94062,94062,414.6417228322264,161435.15364244665,103.84683871805203,12956.748300063007,103.84683847493497,127745.89046853628,343.84465285532036,148824.8538158931
2850,z_90,equal,0.9000000000000001,0.0,0.9000000000000001,1.0,1.0,0.1796132532438697,0.24137664783827598,5.567517936078214,2.198239466111523,1.000000008992603,0.530603673475801,1.3380064378626884,1.0443137927591108,0.24032368916575908,0.25207296258747025,94862,94862,330.40054561543735,52467.831553186006,59.34431687153827,12664.509299651363,59.34431633787839,23868.114626290746,246.93494460550895,50241.44267458566
2850,z_90,size_80,0.9000000000000001,0.7964686621946876,-0.29463027700024136,1.0,1.0,0.36078607583186517,0.10826630997777406,2.77172559305206,1.1344943223982222,1.000000000000002,0.12282751397679066,1.2444378742423414,1.0188067771754492,0.4489758572644425,0.11030245034513415,94551,94551,431.79575539072573,214936.10112709217,155.78589614827587,23270.338550039953,155.78589614827555,189455.42245882374,346.98056393825084,210968.4642292853
2850,z_90,size_90,0.9000000000000001,0.8714416182858846,-0.5420575768862299,1.0,1.0,0.39225916839352604,0.08489706069157466,2.5493349310239024,1.393939545337622,1.000000000000003,0.11834137018091408,1.1653105235019516,0.9826362927652669,0.45710373686910005,0.08342293298463678,94411,94411,437.12051619460385,152617.16005850906,171.46453017024413,12956.748300063007,171.46453017024362,109486.21162874327,375.11076007533524,155313.98665219705
2900,z_00,equal,-1.376981811053447e-17,0.0,6.722437906588872e-18,1.0,1.0,0.1423209327503851,0.16960942700252357,7.026373291175972,0.8695642439523935,1.0000000006525576,0.14748629315864809,1.2636796769217693,0.900247401209361,0.1798480703172115,0.15269044587963065,96947,96947,326.3895583526345,74668.66390311507,46.452066384733186,12664.509299651363,46.45206635442054,85869.05961510878,258.28504194013425,82942.38206387243
2900,z_00,size_80,-1.376981811053447e-17,0.7964686621946876,-0.019581006445603694,1.0,1.0,0.11385207020282773,0.10878628734162457,8.783327354765214,1.3615717778928682,1.0000000026091462,0.1481203386661002,1.1471214746862959,1.0554793143941181,0.1306021546671554,0.11482167597881944,96442,96442,393.75950748929824,213908.74823187475,44.83033508970245,23270.338550039953,44.830334972733546,157104.27588541395,343.2587709134989,202665.03124664817
2900,z_00,size_90,-1.376981811053447e-17,0.8714416182858846,0.0422758631115996,1.0,1.0,0.16487566504923296,0.07785465503952657,6.06517646633083,1.1125914811491713,1.0000000035272523,0.08662042596478466,1.2006756641652423,1.0220986271143755,0.1979621986376738,0.07957513603036338,96191,96191,393.4030605089669,166422.2684370627,64.86259123381956,12956.748300063007,64.86259100503284,149580.75021855172,327.6513985002573,162824.0798120548
2900,z_80,equal,0.8000000000000002,0.0,0.8000000000000003,1.0,1.0,0.17967172702245643,0.20041499164692184,5.565705971417854,1.7683547855422124,1.0000000039838444,0.3544048095732367,1.187921039818576,1.018580072765208,0.2134358247905158,0.20413871677496018,97215,97215,332.87136045821677,63191.42692659876,59.80757220984243,12664.509299651363,59.80757197157837,35734.58643211296,280.2133721859613,62038.74257528792
2900,z_80,size_80,0.8000000000000002,0.7964686621946876,-0.3338028997675349,1.0,1.0,0.24176842810204882,0.10542763051258153,4.136550761068375,1.1999637429979988,1.0000873752678348,0.12650933412528736,1.1581213050238433,1.155076963241706,0.279997167467108,0.12177702729424128,96340,96340,373.6780412182606,220723.3382454035,90.34355264159149,23270.338550039953,90.33565953914422,183941.67284917008,322.65880922600536,191089.72412188604
2900,z_80,size_90,0.8000000000000002,0.8714416182858846,-0.5117759861486383,1.0,1.0,0.25044956404464597,0.08025976999260122,3.9928198963159245,1.2637209154075137,1.0000000023411117,0.10142595000544652,1.2058984177563912,1.0847324858934744,0.3020167330092165,0.0870603798213128,95711,95711,414.6417228322264,161435.15364244665,103.84683871805203,12956.748300063007,103.84683847493497,127745.89046853628,343.84465285532036,148824.8538158931
2900,z_90,equal,0.9000000000000001,0.0,0.9000000000000001,1.0,1.0,0.1796132532438697,0.24137664783827598,5.567517936078214,2.198239466111523,1.000000008992603,0.530603673475801,1.3380064378626884,1.0443137927591108,0.24032368916575908,0.25207296258747025,96530,96530,330.40054561543735,52467.831553186006,59.34431687153827,12664.509299651363,59.34431633787839,23868.114626290746,246.93494460550895,50241.44267458566
2900,z_90,size_80,0.9000000000000001,0.7964686621946876,-0.29463027700024136,1.0,1.0,0.36078607583186517,0.10826630997777406,2.77172559305206,1.1344943223982222,1.000000000000002,0.12282751397679066,1.2444378742423414,1.0188067771754492,0.4489758572644425,0.11030245034513415,96225,96225,431.79575539072573,214936.10112709217,155.78589614827587,23270.338550039953,155.78589614827555,189455.42245882374,346.98056393825084,210968.4642292853
2900,z_90,size_90,0.9000000000000001,0.8714416182858846,-0.5420575768862299,1.0,1.0,0.39225916839352604,0.08489706069157466,2.5493349310239024,1.393939545337622,1.000000000000003,0.11834137018091408,1.1653105235019516,0.9826362927652669,0.45710373686910005,0.08342293298463678,96066,96066,437.12051619460385,152617.16005850906,171.46453017024413,12956.748300063007,171.46453017024362,109486.21162874327,375.11076007533524,155313.98665219705
2950,z_00,equal,-1.376981811053447e-17,0.0,6.722437906588872e-18,1.0,1.0,0.1423209327503851,0.16960942700252357,7.026373291175972,0.8695642439523935,1.0000000006525576,0.14748629315864809,1.2636796769217693,0.900247401209361,0.1798480703172115,0.15269044587963065,98620,98620,326.3895583526345,74668.66390311507,46.452066384733186,12664.509299651363,46.45206635442054,85869.05961510878,258.28504194013425,82942.38206387243
2950,z_00,size_80,-1.376981811053447e-17,0.7964686621946876,-0.019581006445603694,1.0,1.0,0.11385207020282773,0.10878628734162457,8.783327354765214,1.3615717778928682,1.0000000026091462,0.1481203386661002,1.1471214746862959,1.0554793143941181,0.1306021546671554,0.11482167597881944,98109,98109,393.75950748929824,213908.74823187475,44.83033508970245,23270.338550039953,44.830334972733546,157104.27588541395,343.2587709134989,202665.03124664817
2950,z_00,size_90,-1.376981811053447e-17,0.8714416182858846,0.0422758631115996,1.0,1.0,0.16487566504923296,0.07785465503952657,6.06517646633083,1.1125914811491713,1.0000000035272523,0.08662042596478466,1.2006756641652423,1.0220986271143755,0.1979621986376738,0.07957513603036338,97856,97856,393.4030605089669,166422.2684370627,64.86259123381956,12956.748300063007,64.86259100503284,149580.75021855172,327.6513985002573,162824.0798120548
2950,z_80,equal,0.8000000000000002,0.0,0.8000000000000003,1.0,1.0,0.17967172702245643,0.20041499164692184,5.565705971417854,1.7683547855422124,1.0000000039838444,0.3544048095732367,1.187921039818576,1.018580072765208,0.2134358247905158,0.20413871677496018,98897,98897,332.87136045821677,63191.42692659876,59.80757220984243,12664.509299651363,59.80757197157837,35734.58643211296,280.2133721859613,62038.74257528792
2950,z_80,size_80,0.8000000000000002,0.7964686621946876,-0.3338028997675349,1.0,1.0,0.24176842810204882,0.10542763051258153,4.136550761068375,1.1999637429979988,1.0000873752678348,0.12650933412528736,1.1581213050238433,1.155076963241706,0.279997167467108,0.12177702729424128,98020,98020,373.6780412182606,220723.3382454035,90.34355264159149,23270.338550039953,90.33565953914422,183941.67284917008,322.65880922600536,191089.72412188604
2950,z_80,size_90,0.8000000000000002,0.8714416182858846,-0.5117759861486383,1.0,1.0,0.25044956404464597,0.08025976999260122,3.9928198963159245,1.2637209154075137,1.0000000023411117,0.10142595000544652,1.2058984177563912,1.0847324858934744,0.3020167330092165,0.0870603798213128,97370,97370,414.6417228322264,161435.15364244665,103.84683871805203,12956.748300063007,103.84683847493497,127745.89046853628,343.84465285532036,148824.8538158931
2950,z_90,equal,0.9000000000000001,0.0,0.9000000000000001,1.0,1.0,0.1796132532438697,0.24137664783827598,5.567517936078214,2.198239466111523,1.000000008992603,0.530603673475801,1.3380064378626884,1.0443137927591108,0.24032368916575908,0.25207296258747025,98188,98188,330.40054561543735,52467.831553186006,59.34431687153827,12664.509299651363,59.34431633787839,23868.114626290746,246.93494460550895,50241.44267458566
2950,z_90,size_80,0.9000000000000001,0.7964686621946876,-0.29463027700024136,1.0,1.0,0.36078607583186517,0.10826630997777406,2.77172559305206,1.1344943223982222,1.000000000000002,0.12282751397679066,1.2444378742423414,1.0188067771754492,0.4489758572644425,0.11030245034513415,97898,97898,431.79575539072573,214936.10112709217,155.78589614827587,23270.338550039953,155.78589614827555,189455.42245882374,346.98056393825084,210968.4642292853
2950,z_90,size_90,0.9000000000000001,0.8714416182858846,-0.5420575768862299,1.0,1.0,0.39225916839352604,0.08489706069157466,2.5493349310239024,1.393939545337622,1.000000000000003,0.11834137018091408,1.1653105235019516,0.9826362927652669,0.45710373686910005,0.08342293298463678,97737,97737,437.12051619460385,152617.16005850906,171.46453017024413,12956.748300063007,171.46453017024362,109486.21162874327,375.11076007533524,155313.98665219705
3000,z_00,equal,-1.376981811053447e-17,0.0,6.722437906588872e-18,1.0,1.0,0.1423209327503851,0.16960942700252357,7.026373291175972,0.8695642439523935,1.0000000006525576,0.14748629315864809,1.2636796769217693,0.900247401209361,0.1798480703172115,0.15269044587963065,100289,100289,326.3895583526345,74668.66390311507,46.452066384733186,12664.509299651363,46.45206635442054,85869.05961510878,258.28504194013425,82942.38206387243
3000,z_00,size_80,-1.376981811053447e-17,0.7964686621946876,-0.019581006445603694,1.0,1.0,0.11385207020282773,0.10878628734162457,8.783327354765214,1.3615717778928682,1.0000000026091462,0.1481203386661002,1.1471214746862959,1.0554793143941181,0.1306021546671554,0.11482167597881944,99773,99773,393.75950748929824,213908.74823187475,44.83033508970245,23270.338550039953,44.830334972733546,157104.27588541395,343.2587709134989,202665.03124664817
3000,z_00,size_90,-1.376981811053447e-17,0.8714416182858846,0.0422758631115996,1.0,1.0,0.16487566504923296,0.07785465503952657,6.065176466330831,1.1125914811491704,1.0000000035272523,0.08662042596478459,1.2006756641652423,1.0220986271143755,0.1979621986376738,0.07957513603036338,99525,99525,393.4030605089669,166422.2684370627,64.86259123381956,12956.748300063007,64.86259100503283,149580.75021855187,327.6513985002573,162824.0798120548
3000,z_80,equal,0.8000000000000002,0.0,0.8000000000000003,1.0,1.0,0.17967172702245643,0.20041499164692184,5.565705971417854,1.7683547855422124,1.0000000039838444,0.3544048095732367,1.187921039818576,1.018580072765208,0.2134358247905158,0.20413871677496018,100569,100569,332.87136045821677,63191.42692659876,59.80757220984243,12664.509299651363,59.80757197157837,35734.58643211296,280.2133721859613,62038.74257528792
3000,z_80,size_80,0.8000000000000002,0.7964686621946876,-0.3338028997675349,1.0,1.0,0.24176842810204882,0.10542763051258153,4.136550761068375,1.1999637429979988,1.0000873752678348,0.12650933412528736,1.1581213050238433,1.155076963241706,0.279997167467108,0.12177702729424128,99687,99687,373.6780412182606,220723.3382454035,90.34355264159149,23270.338550039953,90.33565953914422,183941.67284917008,322.65880922600536,191089.72412188604
3000,z_80,size_90,0.8000000000000002,0.8714416182858846,-0.5117759861486383,1.0,1.0,0.25044956404464597,0.08025976999260122,3.9928198963159245,1.2637209154075137,1.0000000023411117,0.10142595000544652,1.2058984177563912,1.0847324858934744,0.3020167330092165,0.0870603798213128,99012,99012,414.6417228322264,161435.15364244665,103.84683871805203,12956.748300063007,103.84683847493497,127745.89046853628,343.84465285532036,148824.8538158931
3000,z_90,equal,0.9000000000000001,0.0,0.9000000000000001,1.0,1.0,0.1796132532438697,0.24137664783827598,5.567517936078214,2.198239466111523,1.000000008992603,0.530603673475801,1.3380064378626884,1.0443137927591108,0.24032368916575908,0.25207296258747025,99848,99848,330.40054561543735,52467.831553186006,59.34431687153827,12664.509299651363,59.34431633787839,23868.114626290746,246.93494460550895,50241.44267458566
3000,z_90,size_80,0.9000000000000001,0.7964686621946876,-0.29463027700024136,1.0,1.0,0.36078607583186517,0.10826630997777406,2.77172559305206,1.1344943223982222,1.000000000000002,0.12282751397679066,1.2444378742423414,1.0188067771754492,0.4489758572644425,0.11030245034513415,99562,99562,431.79575539072573,214936.10112709217,155.78589614827587,23270.338550039953,155.78589614827555,189455.42245882374,346.98056393825084,210968.4642292853
3000,z_90,size_90,0.9000000000000001,0.8714416182858846,-0.5420575768862299,1.0,1.0,0.39225916839352604,0.08489706069157466,2.5493349310239024,1.393939545337622,1.000000000000003,0.11834137018091408,1.1653105235019516,0.9826362927652669,0.45710373686910005,0.08342293298463678,99395,99395,437.12051619460385,152617.16005850906,171.46453017024413,12956.748300063007,171.46453017024362,109486.21162874327,375.11076007533524,155313.98665219705
