iteration,z_variable,pi_source,ABC_z_over_random_start,ABC_z_over_Vincent_z,ABC_y_over_Vincent_y,Random_z_over_random_start,Random_z_over_Vincent_z,Random_y_over_Vincent_y,evaluations_ABC,evaluations_Random,corr_y_z,corr_y_pi,corr_y_over_pi_z_over_pi,Start_z_over_random_start,Start_z_over_Vincent_z,Start_y_over_Vincent_y,Var_z_random_start,Var_z_Vincent_z,Var_z_ABC,Var_z_Random
250,z_00,equal,1.0,0.09829969477787569,0.15606119091817433,1.0,0.09829969477787569,0.15606119091817433,8885,8885,-1.376981811053447e-17,0.0,6.722437906588872e-18,1.0,0.09829969477787569,0.15606119091817433,472.55555055078514,46.452066384733186,472.55555055078514,472.55555055078514
250,z_00,size_80,1.0013540625508306,0.09392676300536235,0.10997958754052153,1.0001042166293046,0.09380952776754312,0.11000500914408415,7647,7647,-1.376981811053447e-17,0.7964686621946876,-0.019581006445603694,1.0,0.09379975227353156,0.11000521285474403,477.93660434168,44.83033508970245,477.29032338890516,477.8868005901333
250,z_00,size_90,1.0030091864078161,0.13223509056627253,0.07563255507681108,1.0002051561519056,0.1318654118037391,0.07560416127944354,7630,7630,-1.376981811053447e-17,0.8714416182858846,0.0422758631115996,1.0,0.13183836435223506,0.07560182689895734,491.9857095657296,64.86259123381956,490.5096745202609,491.88479637372467
250,z_80,equal,1.0000000000000002,0.13103138185639618,0.1564448703090641,1.0000000000000002,0.13103138185639618,0.1564448703090641,8855,8855,0.8000000000000002,0.0,0.8000000000000003,1.0,0.13103138185639618,0.1564448703090642,456.43701045134765,59.80757220984243,456.4370104513476,456.4370104513476
250,z_80,size_80,1.0016990302412052,0.1718364565813901,0.10747130478707025,1.0001478514734952,0.17157035962519818,0.10743548391253119,7609,7609,0.8000000000000002,0.7964686621946876,-0.3338028997675349,1.0,0.1715449964447031,0.10743750308805189,526.6463873267991,90.34355264159149,525.753116881809,526.5685333932406
250,z_80,size_90,1.0014122087821573,0.18711233358939727,0.07780270549453011,1.000051613424875,0.1868581084360195,0.07778042249486053,7629,7629,0.8000000000000002,0.8714416182858846,-0.5117759861486383,1.0,0.18684846454683163,0.07777768622236274,555.7810655276961,103.84683871805203,554.997293475776,555.7523812439177
250,z_90,equal,1.0000000000000004,0.1291093289443271,0.16189741648793193,1.0000000000000002,0.12910932894432708,0.16189741648793216,8865,8865,0.9000000000000001,0.0,0.9000000000000001,1.0,0.12910932894432706,0.16189741648793207,459.6439107597561,59.34431687153827,459.643910759756,459.64391075975607
250,z_90,size_80,1.001230781196583,0.278222296608195,0.12337295186322758,1.0001265410733242,0.2779154500460738,0.1233546553055907,7667,7667,0.9000000000000001,0.7964686621946876,-0.29463027700024136,1.0,0.27788028677632953,0.12334304161256206,560.6223383297087,155.78589614827587,559.9331830966104,560.5514055531966
250,z_90,size_90,1.0016609970807289,0.3210608416885253,0.09012640103318419,1.0000597640901137,0.32054760096815715,0.09015760360686681,7673,7673,0.9000000000000001,0.8714416182858846,-0.5420575768862299,1.0,0.32052844487729354,0.09015818101586345,534.9432567081063,171.46453017024413,534.0561909340197,534.9112882216742
