z_case,pi_case,iteration,corr_y_z,corr_y_pi,corr_y_over_pi_z_over_pi,Vincent_start_matches_Ppi,Start_z_over_V,Start_y_over_Vy,Selected_start_z_over_V,Selected_start_y_over_Vy,ABC_z_over_V,ABC_y_over_Vy,Random_z_over_V,Random_y_over_Vy,ABC_evaluations,Random_evaluations
z00,pi80,1000,0.009151151555202804,0.8079054566864583,-0.5170060785359529,True,0.9994927329280823,0.262126169028128,0.2149038577077338,0.24743424805387207,118.4708263827142,0.31069714950096516,0.3148768752538757,0.24010595962023676,15860,15351
z00,pi90,1000,0.0013877138880652846,0.9003581344560545,0.9230337210415178,True,1.0000244942891645,0.9544115822221657,0.2576512445304758,0.29807293868382456,1.020023133487839,0.9536090329718557,0.3436352155186134,0.39675451917089705,15776,15267
z00,pi_equal,1000,8.100187174690701e-17,0.0,2.459347781346955e-16,True,1.0000000000131635,0.1516467815655364,0.35012515579692494,0.16387642555904852,1.0498500402933677,0.15541626961345437,0.3996738719375928,0.16175820281514683,15805,15296
z80,pi80,1000,0.7998986569229493,0.7998810951018136,-0.3766598889508616,False,0.8469890838173395,0.29859689021799113,12.006630803553879,0.27702310906833216,293.94644134072024,0.27888265818023106,292.16891771734214,0.2993808667596727,15994,15485
z80,pi90,1000,0.7998027528796144,0.8997696268389928,0.9368979707632457,True,1.0000055863784483,0.9975516895357428,0.24827032680983535,0.4190560787490355,1.0051787996037658,0.9991603536029502,0.32271847973101675,0.4910146364133947,15724,15215
z80,pi_equal,1000,0.8,0.0,0.8000000000000003,True,1.0000000000244498,0.3168321558398016,0.30952109030553043,0.2887129932578488,1.0614561128124693,0.3365316473499294,0.39734694122109837,0.25571048183069256,15814,15305
z90,pi80,1000,0.8522061153617068,0.8076673826749503,0.5683971798488823,True,0.9999961356653126,0.19463219023839126,0.47831101708053275,0.17084505940497713,1.0028117003243981,0.21306077704616763,0.5856232929373115,0.14430059723251187,15716,15207
z90,pi90,1000,0.899950975211453,0.9003727031584097,-0.7612022386204164,True,0.999996659407794,0.5837842741483645,0.3024324907557217,0.3974162059801411,1.002988165589849,0.5963491419855123,0.4141321907710643,0.3626981397436441,15710,15201
z90,pi_equal,1000,0.9,0.0,0.9000000000000001,True,1.0000000001168534,0.5825118531683418,0.3332190102244303,0.43317953762201833,1.083604069651409,0.6572851138447708,0.44698609409118645,0.39201739961851295,15819,15310
