design,population,n,mode,y,true_var,rb_Tille_LM_j3,rb_VarB_a035,rb_VarB_a040,rb_simple_LM_q8,rb_Tille_LM_j3_pct,rb_VarB_a035_pct,rb_VarB_a040_pct,rb_simple_LM_q8_pct
aggregated_best_20_ep,aggregated,20,ep,z,11592.043952496666,0.111957362576526,0.18915817660286915,0.18915817660286893,1.7081391455708075,11.1957362576526,18.915817660286915,18.915817660286894,170.81391455708075
aggregated_best_20_ep,aggregated,20,ep,plane,11592.043952496666,0.111957362576526,0.18915817660286915,0.18915817660286893,1.7081391455708075,11.1957362576526,18.915817660286915,18.915817660286894,170.81391455708075
aggregated_best_20_ep,aggregated,20,ep,peak,26938.659350133385,2.4238861809192804,0.645221960062194,0.6452219600621938,5.81200925589587,242.38861809192804,64.5221960062194,64.52219600621937,581.200925589587
aggregated_best_20_ep,aggregated,20,ep,bird,45115.21221798892,1.3764070547714113,-0.10067552113467748,-0.10067552113467781,3.7252597682401722,137.64070547714113,-10.067552113467748,-10.067552113467782,372.5259768240172
aggregated_best_50_ep,aggregated,50,ep,z,538.0383998388587,1.4136264626837014,2.5800687980141013,2.5800687980141026,5.955434469704812,141.36264626837013,258.00687980141015,258.00687980141026,595.5434469704812
aggregated_best_50_ep,aggregated,50,ep,plane,538.0383998388587,1.4136264626837014,2.5800687980141013,2.5800687980141026,5.955434469704812,141.36264626837013,258.00687980141015,258.00687980141026,595.5434469704812
aggregated_best_50_ep,aggregated,50,ep,peak,4907.896100426886,1.8500829025198726,0.4908974439276359,0.49089744392763723,8.376716523897212,185.00829025198726,49.08974439276359,49.08974439276372,837.6716523897212
aggregated_best_50_ep,aggregated,50,ep,bird,9162.792160333871,1.3898437823264347,0.13151894759163985,0.13151894759163985,6.554836466755819,138.98437823264348,13.151894759163984,13.151894759163984,655.4836466755819
aggregated_initial_20_ep,aggregated,20,ep,z,26278.907308649246,-0.6240066590643645,-0.2348912821881214,-0.2348912821881214,0.21887534072327686,-62.400665906436444,-23.489128218812137,-23.489128218812137,21.887534072327686
aggregated_initial_20_ep,aggregated,20,ep,plane,26278.907308649246,-0.6240066590643645,-0.2348912821881214,-0.2348912821881214,0.21887534072327686,-62.400665906436444,-23.489128218812137,-23.489128218812137,21.887534072327686
aggregated_initial_20_ep,aggregated,20,ep,peak,57586.78913759953,0.18096362352623863,-0.3812969910165508,-0.3812969910165507,2.0992260341263944,18.096362352623864,-38.12969910165508,-38.12969910165507,209.92260341263943
aggregated_initial_20_ep,aggregated,20,ep,bird,95779.19072786186,-0.0939108147227411,-0.5269651042404235,-0.5269651042404234,1.1744002647524714,-9.39108147227411,-52.69651042404235,-52.696510424042344,117.44002647524714
aggregated_initial_50_ep,aggregated,50,ep,z,9172.22452826299,-0.9055562715981941,-0.2798574241537629,-0.279857424153763,-0.5893329012337039,-90.55562715981941,-27.98574241537629,-27.9857424153763,-58.933290123370384
aggregated_initial_50_ep,aggregated,50,ep,plane,9172.22452826299,-0.9055562715981941,-0.2798574241537629,-0.279857424153763,-0.5893329012337039,-90.55562715981941,-27.98574241537629,-27.9857424153763,-58.933290123370384
aggregated_initial_50_ep,aggregated,50,ep,peak,3582.466139528048,1.535834807342081,0.4599576599093784,0.45995765990937754,10.970877114353948,153.5834807342081,45.99576599093784,45.995765990937755,1097.0877114353948
aggregated_initial_50_ep,aggregated,50,ep,bird,5680.317756012348,1.7136740063726132,1.0432144841669224,1.0432144841669215,11.124142463160334,171.3674006372613,104.32144841669225,104.32144841669215,1112.4142463160333
meuse_best_10_ep,meuse,10,ep,z,23756.039999999997,-0.24349010947390382,-0.6900473012472863,-0.6900473012472863,0.4413181243854196,-24.349010947390383,-69.00473012472862,-69.00473012472862,44.131812438541964
meuse_best_10_up,meuse,10,up,z,6561.174380841727,-0.5013679606319494,0.08067689736117778,0.30329766665687785,0.06905493560694298,-50.13679606319494,8.067689736117778,30.329766665687785,6.905493560694298
meuse_best_20_ep,meuse,20,ep,z,11087.379438978296,-0.35778560775824664,-0.6245603833082349,-0.6245603833082349,0.4995647353427437,-35.778560775824666,-62.456038330823496,-62.456038330823496,49.95647353427437
meuse_best_20_up,meuse,20,up,z,2187.4232930875633,-0.42791632457694195,0.1746183893485802,0.38826008226208164,0.5899320631508127,-42.79163245769419,17.461838934858022,38.82600822620817,58.99320631508127
meuse_best_5_ep,meuse,5,ep,z,60441.98261183223,-0.3668565402985625,-0.7615337196297441,-0.7615337196297443,-0.21926235034979014,-36.68565402985625,-76.15337196297442,-76.15337196297443,-21.926235034979015
meuse_best_5_up,meuse,5,up,z,14003.850619417955,-0.5165265825537295,0.452526943129415,0.8079772927986419,-0.2998360206367109,-51.652658255372955,45.2526943129415,80.7977292798642,-29.98360206367109
meuse_initial_10_ep,meuse,10,ep,z,31012.364999999998,-0.43663303843136014,-0.7931998851051415,-0.7931998851051415,0.08017571176851579,-43.66330384313601,-79.31998851051415,-79.31998851051415,8.017571176851579
meuse_initial_10_up,meuse,10,up,z,4780.401306970731,-0.29186628232682765,0.3923663358927132,0.6302844484625569,0.537333549234662,-29.186628232682764,39.23663358927132,63.028444846255695,53.7333549234662
meuse_initial_20_ep,meuse,20,ep,z,9262.648749999997,-0.18529380390969596,-0.5710252818237576,-0.5710252818237576,0.8263106608847988,-18.529380390969596,-57.10252818237576,-57.10252818237576,82.63106608847988
meuse_initial_20_up,meuse,20,up,z,3358.1447160666103,-0.6651899964472929,-0.15581825364728452,0.021561350815131552,0.04354395813202405,-66.51899964472929,-15.581825364728452,2.1561350815131552,4.354395813202405
meuse_initial_5_ep,meuse,5,ep,z,54319.560103552896,-0.316668958827942,-0.6921937518587917,-0.6921937518587917,-0.10872223740547082,-31.6668958827942,-69.21937518587917,-69.21937518587917,-10.872223740547081
meuse_initial_5_up,meuse,5,up,z,10462.44942565605,-0.22645601347508926,0.388289893357318,0.6739690956499547,0.0048576121332286615,-22.645601347508926,38.8289893357318,67.39690956499547,0.48576121332286615
regular_best_20_ep,regular,20,ep,z,22910.68073108713,-0.05147942881348999,0.5547945728417065,0.5547945728417065,0.705121070853592,-5.147942881349,55.47945728417065,55.47945728417065,70.5121070853592
regular_best_20_ep,regular,20,ep,plane,22910.68073108713,-0.05147942881348999,0.5547945728417065,0.5547945728417065,0.705121070853592,-5.147942881349,55.47945728417065,55.47945728417065,70.5121070853592
regular_best_20_ep,regular,20,ep,peak,8370.546348777345,14.38163045194847,3.5147242427076204,3.5147242427076213,22.346910897106135,1438.163045194847,351.472424270762,351.47242427076213,2234.6910897106136
regular_best_20_ep,regular,20,ep,bird,36627.95952455807,1.8941149190664959,-0.05773281527577845,-0.05773281527577834,4.32441343780288,189.4114919066496,-5.773281527577845,-5.773281527577834,432.441343780288
regular_best_50_ep,regular,50,ep,z,8263.653000733491,-0.6622303287136512,0.28206367357524087,0.2820636735752411,-0.39519996709487293,-66.22303287136512,28.206367357524087,28.20636735752411,-39.519996709487295
regular_best_50_ep,regular,50,ep,plane,8263.653000733491,-0.6622303287136512,0.28206367357524087,0.2820636735752411,-0.39519996709487293,-66.22303287136512,28.206367357524087,28.20636735752411,-39.519996709487295
regular_best_50_ep,regular,50,ep,peak,2040.4966038091702,14.192986752885245,4.594840315332266,4.594840315332261,24.66726577862379,1419.2986752885245,459.4840315332266,459.48403153322613,2466.726577862379
regular_best_50_ep,regular,50,ep,bird,3911.181900508298,6.642913043319128,2.072448550325024,2.072448550325024,13.727276219192694,664.2913043319128,207.2448550325024,207.2448550325024,1372.7276219192695
regular_initial_20_ep,regular,20,ep,z,50790.31994682624,-0.600096309169162,0.1212536136952358,0.1212536136952358,-0.2397732907906609,-60.0096309169162,12.12536136952358,12.12536136952358,-23.977329079066088
regular_initial_20_ep,regular,20,ep,plane,50790.31994682624,-0.600096309169162,0.1212536136952358,0.1212536136952358,-0.2397732907906609,-60.0096309169162,12.12536136952358,12.12536136952358,-23.977329079066088
regular_initial_20_ep,regular,20,ep,peak,19740.703069777945,5.154844644814308,0.6510648657695011,0.6510648657695008,8.61219541286906,515.4844644814308,65.1064865769501,65.10648657695009,861.219541286906
regular_initial_20_ep,regular,20,ep,bird,29737.426759726706,2.650036916528203,0.7268881857595919,0.7268881857595921,5.572540165012589,265.0036916528203,72.68881857595919,72.68881857595922,557.2540165012589
regular_initial_50_ep,regular,50,ep,z,24328.015539624816,-0.9120120243732623,-0.055528657422042604,-0.055528657422042604,-0.7950225469041114,-91.20120243732623,-5.55286574220426,-5.55286574220426,-79.50225469041115
regular_initial_50_ep,regular,50,ep,plane,24328.015539624816,-0.9120120243732623,-0.055528657422042604,-0.055528657422042604,-0.7950225469041114,-91.20120243732623,-5.55286574220426,-5.55286574220426,-79.50225469041115
regular_initial_50_ep,regular,50,ep,peak,3473.544471309691,6.552168049127508,2.1447012142741944,2.144701214274193,14.234838702877425,655.2168049127508,214.47012142741943,214.47012142741931,1423.4838702877425
regular_initial_50_ep,regular,50,ep,bird,9188.244301103436,1.5665471250793357,0.8454968269070029,0.8454968269070013,4.924870906929509,156.65471250793357,84.5496826907003,84.54968269070014,492.48709069295086
