design,population,design_type,n,mode,y,true_total,mean_nht,true_var_nht,E_vLM_q2,ratio_vLM_q2,relbias_vLM_q2,E_vLM_q3,ratio_vLM_q3,relbias_vLM_q3,E_vLM_q4,ratio_vLM_q4,relbias_vLM_q4,E_vLM_q5,ratio_vLM_q5,relbias_vLM_q5,E_vLM_q8,ratio_vLM_q8,relbias_vLM_q8,E_VarB_a00,ratio_VarB_a00,relbias_VarB_a00,E_VarB_a02,ratio_VarB_a02,relbias_VarB_a02,E_VarB_a025,ratio_VarB_a025,relbias_VarB_a025,E_VarB_a03,ratio_VarB_a03,relbias_VarB_a03,E_VarB_a035,ratio_VarB_a035,relbias_VarB_a035,E_VarB_a04,ratio_VarB_a04,relbias_VarB_a04,E_VarB_a05,ratio_VarB_a05,relbias_VarB_a05,E_VarB_a075,ratio_VarB_a075,relbias_VarB_a075,E_VarB_a10,ratio_VarB_a10,relbias_VarB_a10,best_lm_q,best_lm_value,best_lm_ratio,best_lm_relbias,best_varb_alpha_name,best_varb_value,best_varb_ratio,best_varb_relbias
aggregated_best_20_ep,aggregated,best,20,ep,z,2890.7252931792573,2890.7252931792573,11592.043952496666,20618.26938030864,1.7786569361538633,0.7786569361538633,16814.393224694282,1.4505115140693405,0.45051151406934054,17610.905731182153,1.5192235125531213,0.5192235125531213,20104.33502975552,1.7343218428209546,0.7343218428209546,31392.868004933567,2.7081391455708075,1.7081391455708075,13784.77384965125,1.189158176602869,0.18915817660286893,13784.773849651254,1.1891581766028694,0.18915817660286938,13784.77384965125,1.189158176602869,0.18915817660286893,13784.77384965125,1.189158176602869,0.18915817660286893,13784.773849651252,1.1891581766028692,0.18915817660286915,13784.77384965125,1.189158176602869,0.18915817660286893,13784.77384965125,1.189158176602869,0.18915817660286893,13784.77384965125,1.189158176602869,0.18915817660286893,13784.77384965125,1.189158176602869,0.18915817660286893,3,16814.393224694282,1.4505115140693405,0.45051151406934054,00,13784.77384965125,1.189158176602869,0.18915817660286893
aggregated_best_20_ep,aggregated,best,20,ep,plane,2890.7252931792573,2890.7252931792573,11592.043952496666,20618.26938030864,1.7786569361538633,0.7786569361538633,16814.393224694282,1.4505115140693405,0.45051151406934054,17610.905731182153,1.5192235125531213,0.5192235125531213,20104.33502975552,1.7343218428209546,0.7343218428209546,31392.868004933567,2.7081391455708075,1.7081391455708075,13784.77384965125,1.189158176602869,0.18915817660286893,13784.773849651254,1.1891581766028694,0.18915817660286938,13784.77384965125,1.189158176602869,0.18915817660286893,13784.77384965125,1.189158176602869,0.18915817660286893,13784.773849651252,1.1891581766028692,0.18915817660286915,13784.77384965125,1.189158176602869,0.18915817660286893,13784.77384965125,1.189158176602869,0.18915817660286893,13784.77384965125,1.189158176602869,0.18915817660286893,13784.77384965125,1.189158176602869,0.18915817660286893,3,16814.393224694282,1.4505115140693405,0.45051151406934054,00,13784.77384965125,1.189158176602869,0.18915817660286893
aggregated_best_20_ep,aggregated,best,20,ep,peak,7263.699970585046,7263.699970585045,26938.659350133385,186686.05635152213,6.930042580259205,5.930042580259205,174234.54856563706,6.467825525429288,5.467825525429288,172912.12076211532,6.418735190742117,5.418735190742117,176856.1275613373,6.565142135050667,5.565142135050667,183506.39683453442,6.81200925589587,5.81200925589587,44320.0739374742,1.645221960062194,0.645221960062194,44320.0739374742,1.645221960062194,0.645221960062194,44320.0739374742,1.645221960062194,0.645221960062194,44320.07393747419,1.6452219600621938,0.6452219600621938,44320.0739374742,1.645221960062194,0.645221960062194,44320.07393747419,1.6452219600621938,0.6452219600621938,44320.0739374742,1.645221960062194,0.645221960062194,44320.0739374742,1.645221960062194,0.645221960062194,44320.0739374742,1.645221960062194,0.645221960062194,4,172912.12076211532,6.418735190742117,5.418735190742117,03,44320.07393747419,1.6452219600621938,0.6452219600621938
aggregated_best_20_ep,aggregated,best,20,ep,bird,6671.0377551274105,6671.0377551274105,45115.21221798892,261728.36276982402,5.801332852103139,4.801332852103139,241613.67849262292,5.355481369015562,4.355481369015562,235012.3496829056,5.209159796198375,4.209159796198375,228504.3473175493,5.064906848125988,4.064906848125988,213181.0972292805,4.725259768240172,3.7252597682401722,40573.2147168413,0.8993244788653222,-0.10067552113467781,40573.214716841314,0.8993244788653225,-0.10067552113467748,40573.2147168413,0.8993244788653222,-0.10067552113467781,40573.21471684131,0.8993244788653223,-0.1006755211346777,40573.214716841314,0.8993244788653225,-0.10067552113467748,40573.2147168413,0.8993244788653222,-0.10067552113467781,40573.2147168413,0.8993244788653222,-0.10067552113467781,40573.2147168413,0.8993244788653222,-0.10067552113467781,40573.2147168413,0.8993244788653222,-0.10067552113467781,8,213181.0972292805,4.725259768240172,3.7252597682401722,02,40573.214716841314,0.8993244788653225,-0.10067552113467748
aggregated_best_50_ep,aggregated,best,50,ep,z,2890.7252931792573,2890.7252931792573,538.0383998388587,2619.638245552515,4.868868553503042,3.8688685535030416,2033.3071333537328,3.779111554050238,2.779111554050238,2015.2613480896225,3.7455715961782445,2.7455715961782445,2402.7858117213113,4.4658258823922985,3.4658258823922985,3742.290832264018,6.955434469704812,5.955434469704812,1926.214487396534,3.5800687980141026,2.5800687980141026,1926.2144873965362,3.5800687980141066,2.5800687980141066,1926.214487396534,3.5800687980141026,2.5800687980141026,1926.2144873965335,3.5800687980141017,2.5800687980141017,1926.2144873965333,3.5800687980141013,2.5800687980141013,1926.214487396534,3.5800687980141026,2.5800687980141026,1926.214487396534,3.5800687980141026,2.5800687980141026,1926.214487396534,3.5800687980141026,2.5800687980141026,1926.214487396534,3.5800687980141026,2.5800687980141026,4,2015.2613480896225,3.7455715961782445,2.7455715961782445,035,1926.2144873965333,3.5800687980141013,2.5800687980141013
aggregated_best_50_ep,aggregated,best,50,ep,plane,2890.7252931792573,2890.7252931792573,538.0383998388587,2619.638245552515,4.868868553503042,3.8688685535030416,2033.3071333537328,3.779111554050238,2.779111554050238,2015.2613480896225,3.7455715961782445,2.7455715961782445,2402.7858117213113,4.4658258823922985,3.4658258823922985,3742.290832264018,6.955434469704812,5.955434469704812,1926.214487396534,3.5800687980141026,2.5800687980141026,1926.2144873965362,3.5800687980141066,2.5800687980141066,1926.214487396534,3.5800687980141026,2.5800687980141026,1926.2144873965335,3.5800687980141017,2.5800687980141017,1926.2144873965333,3.5800687980141013,2.5800687980141013,1926.214487396534,3.5800687980141026,2.5800687980141026,1926.214487396534,3.5800687980141026,2.5800687980141026,1926.214487396534,3.5800687980141026,2.5800687980141026,1926.214487396534,3.5800687980141026,2.5800687980141026,4,2015.2613480896225,3.7455715961782445,2.7455715961782445,035,1926.2144873965333,3.5800687980141013,2.5800687980141013
aggregated_best_50_ep,aggregated,best,50,ep,peak,7263.699970585046,7263.699970585045,4907.896100426886,30667.57879047653,6.2486202158617585,5.2486202158617585,27558.34661859738,5.615103917175503,4.615103917175503,31297.959900367,6.377062443853431,5.377062443853431,35805.05488964751,7.2953978969793605,6.2953978969793605,46019.95046244347,9.376716523897212,8.376716523897212,7317.16975118886,1.4908974439276366,0.49089744392763657,7317.169751188864,1.4908974439276377,0.4908974439276377,7317.16975118886,1.4908974439276366,0.49089744392763657,7317.169751188861,1.4908974439276368,0.4908974439276368,7317.169751188856,1.490897443927636,0.4908974439276359,7317.169751188862,1.4908974439276372,0.49089744392763723,7317.16975118886,1.4908974439276366,0.49089744392763657,7317.16975118886,1.4908974439276366,0.49089744392763657,7317.16975118886,1.4908974439276366,0.49089744392763657,3,27558.34661859738,5.615103917175503,4.615103917175503,035,7317.169751188856,1.490897443927636,0.4908974439276359
aggregated_best_50_ep,aggregated,best,50,ep,bird,6671.0377551274105,6671.0377551274105,9162.792160333871,45540.41645537721,4.97014618017024,3.9701461801702402,47119.115728515855,5.142440743390052,4.142440743390052,51862.41839221971,5.660110748417321,4.660110748417321,58456.96380043587,6.379819903969734,5.379819903969734,69223.39635019466,7.554836466755819,6.554836466755819,10367.872942261907,1.1315189475916396,0.13151894759163962,10367.872942261916,1.1315189475916405,0.1315189475916405,10367.872942261907,1.1315189475916396,0.13151894759163962,10367.872942261905,1.1315189475916394,0.1315189475916394,10367.872942261909,1.1315189475916398,0.13151894759163985,10367.872942261909,1.1315189475916398,0.13151894759163985,10367.872942261907,1.1315189475916396,0.13151894759163962,10367.872942261907,1.1315189475916396,0.13151894759163962,10367.872942261907,1.1315189475916396,0.13151894759163962,2,45540.41645537721,4.97014618017024,3.9701461801702402,03,10367.872942261905,1.1315189475916394,0.1315189475916394
aggregated_initial_20_ep,aggregated,initial,20,ep,z,2890.7252931792573,2890.7252931792573,26278.907308649246,20315.84486814817,0.7730856016780258,-0.22691439832197424,16240.958204342121,0.6180225841809143,-0.38197741581908573,19299.282804354996,0.7344020273629479,-0.2655979726370521,22023.152570726437,0.838054349523045,-0.16194565047695497,32030.71209966526,1.2188753407232769,0.21887534072327686,20106.22107641783,0.7651087178118786,-0.2348912821881214,20106.221076417834,0.7651087178118787,-0.23489128218812128,20106.22107641783,0.7651087178118786,-0.2348912821881214,20106.22107641783,0.7651087178118786,-0.2348912821881214,20106.22107641783,0.7651087178118786,-0.2348912821881214,20106.22107641783,0.7651087178118786,-0.2348912821881214,20106.22107641783,0.7651087178118786,-0.2348912821881214,20106.22107641783,0.7651087178118786,-0.2348912821881214,20106.22107641783,0.7651087178118786,-0.2348912821881214,5,22023.152570726437,0.838054349523045,-0.16194565047695497,02,20106.221076417834,0.7651087178118787,-0.23489128218812128
aggregated_initial_20_ep,aggregated,initial,20,ep,plane,2890.7252931792573,2890.7252931792573,26278.907308649246,20315.84486814817,0.7730856016780258,-0.22691439832197424,16240.958204342121,0.6180225841809143,-0.38197741581908573,19299.282804354996,0.7344020273629479,-0.2655979726370521,22023.152570726437,0.838054349523045,-0.16194565047695497,32030.71209966526,1.2188753407232769,0.21887534072327686,20106.22107641783,0.7651087178118786,-0.2348912821881214,20106.221076417834,0.7651087178118787,-0.23489128218812128,20106.22107641783,0.7651087178118786,-0.2348912821881214,20106.22107641783,0.7651087178118786,-0.2348912821881214,20106.22107641783,0.7651087178118786,-0.2348912821881214,20106.22107641783,0.7651087178118786,-0.2348912821881214,20106.22107641783,0.7651087178118786,-0.2348912821881214,20106.22107641783,0.7651087178118786,-0.2348912821881214,20106.22107641783,0.7651087178118786,-0.2348912821881214,5,22023.152570726437,0.838054349523045,-0.16194565047695497,02,20106.221076417834,0.7651087178118787,-0.23489128218812128
aggregated_initial_20_ep,aggregated,initial,20,ep,peak,7263.699970585046,7263.699970585045,57586.78913759953,150564.6276360246,2.614568894894646,1.6145688948946462,157324.50295888245,2.7319547645375186,1.7319547645375186,164595.77861198492,2.858221148928707,1.858221148928707,168597.07139253232,2.927703973730531,1.927703973730531,178474.47611699553,3.0992260341263944,2.0992260341263944,35629.11971712825,0.6187030089834493,-0.3812969910165507,35629.11971712824,0.6187030089834492,-0.3812969910165508,35629.11971712825,0.6187030089834493,-0.3812969910165507,35629.11971712825,0.6187030089834493,-0.3812969910165507,35629.11971712824,0.6187030089834492,-0.3812969910165508,35629.11971712825,0.6187030089834493,-0.3812969910165507,35629.11971712825,0.6187030089834493,-0.3812969910165507,35629.11971712825,0.6187030089834493,-0.3812969910165507,35629.11971712825,0.6187030089834493,-0.3812969910165507,2,150564.6276360246,2.614568894894646,1.6145688948946462,00,35629.11971712825,0.6187030089834493,-0.3812969910165507
aggregated_initial_20_ep,aggregated,initial,20,ep,bird,6671.0377551274105,6671.037755127411,95779.19072786186,256768.53365067823,2.6808384128055187,1.6808384128055187,241914.74485471274,2.525754738751833,1.525754738751833,237761.47012016395,2.4823917211382316,1.4823917211382316,227490.7642126017,2.3751585546277263,1.3751585546277263,208262.29767644027,2.1744002647524714,1.1744002647524714,45306.89950189073,0.47303489575957647,-0.5269651042404235,45306.89950189074,0.4730348957595766,-0.5269651042404234,45306.89950189073,0.47303489575957647,-0.5269651042404235,45306.89950189073,0.47303489575957647,-0.5269651042404235,45306.89950189073,0.47303489575957647,-0.5269651042404235,45306.89950189074,0.4730348957595766,-0.5269651042404234,45306.89950189073,0.47303489575957647,-0.5269651042404235,45306.89950189073,0.47303489575957647,-0.5269651042404235,45306.89950189073,0.47303489575957647,-0.5269651042404235,8,208262.29767644027,2.1744002647524714,1.1744002647524714,02,45306.89950189074,0.4730348957595766,-0.5269651042404234
aggregated_initial_50_ep,aggregated,initial,50,ep,z,2890.7252931792573,2890.7252931792573,9172.22452826299,2370.687753918932,0.2584637725138512,-0.7415362274861488,1758.391930796796,0.19170833916881833,-0.8082916608311816,1827.9499161971921,0.19929188503449818,-0.8007081149655018,2323.078496459162,0.25327318245436586,-0.7467268175456341,3766.730836254822,0.4106670987662962,-0.5893329012337039,6605.309398023345,0.720142575846237,-0.279857424153763,6605.309398023347,0.7201425758462371,-0.2798574241537629,6605.309398023345,0.720142575846237,-0.279857424153763,6605.309398023343,0.7201425758462368,-0.27985742415376325,6605.309398023347,0.7201425758462371,-0.2798574241537629,6605.309398023345,0.720142575846237,-0.279857424153763,6605.309398023345,0.720142575846237,-0.279857424153763,6605.309398023345,0.720142575846237,-0.279857424153763,6605.309398023345,0.720142575846237,-0.279857424153763,8,3766.730836254822,0.4106670987662962,-0.5893329012337039,02,6605.309398023347,0.7201425758462371,-0.2798574241537629
aggregated_initial_50_ep,aggregated,initial,50,ep,plane,2890.7252931792573,2890.7252931792573,9172.22452826299,2370.687753918932,0.2584637725138512,-0.7415362274861488,1758.391930796796,0.19170833916881833,-0.8082916608311816,1827.9499161971921,0.19929188503449818,-0.8007081149655018,2323.078496459162,0.25327318245436586,-0.7467268175456341,3766.730836254822,0.4106670987662962,-0.5893329012337039,6605.309398023345,0.720142575846237,-0.279857424153763,6605.309398023347,0.7201425758462371,-0.2798574241537629,6605.309398023345,0.720142575846237,-0.279857424153763,6605.309398023343,0.7201425758462368,-0.27985742415376325,6605.309398023347,0.7201425758462371,-0.2798574241537629,6605.309398023345,0.720142575846237,-0.279857424153763,6605.309398023345,0.720142575846237,-0.279857424153763,6605.309398023345,0.720142575846237,-0.279857424153763,6605.309398023345,0.720142575846237,-0.279857424153763,8,3766.730836254822,0.4106670987662962,-0.5893329012337039,02,6605.309398023347,0.7201425758462371,-0.2798574241537629
aggregated_initial_50_ep,aggregated,initial,50,ep,peak,7263.699970585046,7263.699970585046,3582.466139528048,26774.281313892105,7.473701151972181,6.473701151972181,25520.781898941772,7.1238026836741755,6.1238026836741755,29147.836250408265,8.136248917693381,7.136248917693381,32906.24069422456,9.185359864576307,8.185359864576307,42885.26192262425,11.970877114353948,10.970877114353948,5230.2488817699505,1.4599576599093775,0.45995765990937754,5230.248881769952,1.459957659909378,0.459957659909378,5230.2488817699505,1.4599576599093775,0.45995765990937754,5230.24888176995,1.459957659909377,0.4599576599093771,5230.248881769954,1.4599576599093784,0.4599576599093784,5230.2488817699505,1.4599576599093775,0.45995765990937754,5230.2488817699505,1.4599576599093775,0.45995765990937754,5230.2488817699505,1.4599576599093775,0.45995765990937754,5230.2488817699505,1.4599576599093775,0.45995765990937754,3,25520.781898941772,7.1238026836741755,6.1238026836741755,03,5230.24888176995,1.459957659909377,0.4599576599093771
aggregated_initial_50_ep,aggregated,initial,50,ep,bird,6671.0377551274105,6671.0377551274105,5680.317756012348,42849.22713286891,7.543456013092759,6.543456013092759,46886.31595311593,8.254171327561558,7.254171327561558,52315.44550319042,9.20995052571082,8.20995052571082,57186.37825964761,10.067461137912318,9.067461137912318,68868.98170991293,12.124142463160334,11.124142463160334,11606.107513754978,2.043214484166922,1.043214484166922,11606.107513754978,2.043214484166922,1.043214484166922,11606.107513754978,2.043214484166922,1.043214484166922,11606.107513754972,2.043214484166921,1.043214484166921,11606.10751375498,2.0432144841669224,1.0432144841669224,11606.107513754974,2.0432144841669215,1.0432144841669215,11606.107513754978,2.043214484166922,1.043214484166922,11606.107513754978,2.043214484166922,1.043214484166922,11606.107513754978,2.043214484166922,1.043214484166922,2,42849.22713286891,7.543456013092759,6.543456013092759,03,11606.107513754972,2.043214484166921,1.043214484166921
meuse_best_10_ep,meuse,best,10,ep,z,503.09999999999997,503.09999999999997,23756.039999999997,44953.37125000001,1.8922922865090317,0.8922922865090317,39801.48555555556,1.6754259361221637,0.6754259361221637,36738.6521875,1.5464973197342657,0.5464973197342657,35869.1731,1.5098969819885808,0.5098969819885808,34240.011015625,1.4413181243854196,0.4413181243854196,7363.2487096774175,0.30995269875271375,-0.6900473012472863,7363.24870967742,0.30995269875271386,-0.6900473012472861,7363.2487096774175,0.30995269875271375,-0.6900473012472863,7363.248709677418,0.3099526987527138,-0.6900473012472862,7363.2487096774175,0.30995269875271375,-0.6900473012472863,7363.2487096774175,0.30995269875271375,-0.6900473012472863,7363.2487096774175,0.30995269875271375,-0.6900473012472863,7363.2487096774175,0.30995269875271375,-0.6900473012472863,7363.2487096774175,0.30995269875271375,-0.6900473012472863,8,34240.011015625,1.4413181243854196,0.4413181243854196,02,7363.24870967742,0.30995269875271386,-0.6900473012472861
meuse_best_10_up,meuse,best,10,up,z,503.09999999999997,503.1000002817919,6561.174380841727,8093.779499382327,1.2335870119556225,0.23358701195562248,7954.399191630966,1.2123438168108105,0.2123438168108105,7568.463614926944,1.1535227042625855,0.15352270426258552,7267.886554338271,1.1077112316295243,0.10771123162952434,7014.255855216676,1.069054935606943,0.06905493560694298,1697.0941879670127,0.25865707714192687,-0.7413429228580731,3743.797172507208,0.5705986390849316,-0.4294013609150684,4686.826528647334,0.7143273835752046,-0.28567261642479536,5802.397328789492,0.8843534696672867,-0.11564653033271333,7090.5095729336845,1.0806768973611778,0.08067689736117778,8551.163261079908,1.3032976666568779,0.30329766665687785,11990.094969378446,1.827431230053704,0.8274312300537039,23606.899510160343,3.5979686165774236,2.5979686165774236,39537.24015099303,6.0259395431463645,5.0259395431463645,8,7014.255855216676,1.069054935606943,0.06905493560694298,035,7090.5095729336845,1.0806768973611778,0.08067689736117778
meuse_best_20_ep,meuse,best,20,ep,z,503.09999999999997,503.1000003813625,11087.379438978296,19091.69085645362,1.7219299620373525,0.7219299620373525,17979.923710601644,1.6216567503221029,0.6216567503221029,16436.820949956014,1.4824802416494796,0.48248024164947956,17021.852998985716,1.5352458254602932,0.5352458254602932,16626.243214056067,1.4995647353427437,0.4995647353427437,4162.641486686168,0.375439616691765,-0.6245603833082349,4162.641486686168,0.375439616691765,-0.6245603833082349,4162.641486686168,0.375439616691765,-0.6245603833082349,4162.641486686167,0.3754396166917649,-0.6245603833082352,4162.641486686168,0.375439616691765,-0.6245603833082349,4162.641486686168,0.375439616691765,-0.6245603833082349,4162.641486686168,0.375439616691765,-0.6245603833082349,4162.641486686168,0.375439616691765,-0.6245603833082349,4162.641486686168,0.375439616691765,-0.6245603833082349,4,16436.820949956014,1.4824802416494796,0.48248024164947956,00,4162.641486686168,0.375439616691765,-0.6245603833082349
meuse_best_20_up,meuse,best,20,up,z,503.09999999999997,503.09999977098875,2187.4232930875633,4069.8649110017045,1.8605749165526448,0.8605749165526448,3666.6724908359233,1.6762519181462996,0.6762519181462996,3539.9633614947134,1.6183257134918914,0.6183257134918914,3483.003770373481,1.5922861301605675,0.5922861301605675,3477.8544293628543,1.5899320631508127,0.5899320631508127,709.222461665321,0.32422735183744367,-0.6757726481625563,1469.7935813800088,0.6719291990830841,-0.3280708009169159,1785.9281956382183,0.8164529477590815,-0.1835470522409185,2152.4595436282407,0.9840160111809128,-0.015983988819087247,2569.3876253500807,1.1746183893485802,0.1746183893485802,3036.712440803734,1.3882600822620816,0.38826008226208164,4122.552272906487,1.8846614123265897,0.8846614123265897,7719.094693470128,3.528852745539969,2.528852745539969,12575.55545732914,5.749026947399218,4.749026947399218,8,3477.8544293628543,1.5899320631508127,0.5899320631508127,03,2152.4595436282407,0.9840160111809128,-0.015983988819087247
meuse_best_5_ep,meuse,best,5,ep,z,503.09999999999997,503.0999994311715,60441.98261183223,97771.15059803193,1.6176033011017095,0.6176033011017095,80821.63698187233,1.3371771323406347,0.33717713234063473,73733.33038212617,1.2199025775784529,0.21990257757845288,47189.33144456075,0.7807376496502099,-0.21926235034979014,47189.33144456075,0.7807376496502099,-0.21926235034979014,14413.374771647312,0.23846628037025583,-0.7615337196297441,14413.374771647315,0.23846628037025588,-0.7615337196297441,14413.374771647312,0.23846628037025583,-0.7615337196297441,14413.37477164731,0.2384662803702558,-0.7615337196297443,14413.374771647312,0.23846628037025583,-0.7615337196297441,14413.37477164731,0.2384662803702558,-0.7615337196297443,14413.374771647312,0.23846628037025583,-0.7615337196297441,14413.374771647312,0.23846628037025583,-0.7615337196297441,14413.374771647312,0.23846628037025583,-0.7615337196297441,5,47189.33144456075,0.7807376496502099,-0.21926235034979014,00,14413.374771647312,0.23846628037025583,-0.7615337196297441
meuse_best_5_up,meuse,best,5,up,z,503.09999999999997,503.10000023396555,14003.850619417955,17818.692504355502,1.2724137802246924,0.2724137802246924,16796.975944982067,1.1994540931257236,0.1994540931257236,15320.299650157398,1.094006217755139,0.09400621775513907,9804.991776100736,0.7001639793632891,-0.2998360206367109,9804.991776100736,0.7001639793632891,-0.2998360206367109,2795.7412378908275,0.1996408926280754,-0.8003591073719246,9114.767984388258,0.6508758363752881,-0.3491241636247119,12239.032358632327,0.8739762149177381,-0.12602378508226186,15981.099807924284,1.1411932505024471,0.14119325050244713,20340.97033226413,1.452526943129415,0.452526943129415,25318.64393165186,1.807977292798642,0.8079772927986419,37127.40035557097,2.6512279632638713,1.6512279632638713,77460.84522870675,5.531396137666475,4.531396137666475,133239.36697803964,9.514480738125547,8.514480738125547,4,15320.299650157398,1.094006217755139,0.09400621775513907,025,12239.032358632327,0.8739762149177381,-0.12602378508226186
meuse_initial_10_ep,meuse,initial,10,ep,z,503.09999999999997,503.0999999999999,31012.364999999998,41545.56062500001,1.3396450294906568,0.3396450294906568,38859.24055555556,1.253024093955929,0.25302409395592895,37305.02703124999,1.2029081636066774,0.2029081636066774,35757.743599999994,1.1530156955137087,0.15301569551370875,33498.803437500006,1.0801757117685158,0.08017571176851579,6413.360645161289,0.20680011489485853,-0.7931998851051415,6413.3606451612895,0.20680011489485856,-0.7931998851051414,6413.360645161289,0.20680011489485853,-0.7931998851051415,6413.360645161288,0.2068001148948585,-0.7931998851051415,6413.360645161289,0.20680011489485853,-0.7931998851051415,6413.360645161289,0.20680011489485853,-0.7931998851051415,6413.360645161289,0.20680011489485853,-0.7931998851051415,6413.360645161289,0.20680011489485853,-0.7931998851051415,6413.360645161289,0.20680011489485853,-0.7931998851051415,8,33498.803437500006,1.0801757117685158,0.08017571176851579,02,6413.3606451612895,0.20680011489485856,-0.7931998851051414
meuse_initial_10_up,meuse,initial,10,up,z,503.09999999999997,503.1000001349269,4780.401306970731,8803.135549977194,1.8415055525025807,0.8415055525025807,8446.588092266033,1.7669202959904866,0.7669202959904866,8004.052235255056,1.674347344768656,0.6743473447686561,7892.132407973933,1.6509351205443168,0.6509351205443168,7349.071308011331,1.537333549234662,0.537333549234662,2006.889677181407,0.41981615105304687,-0.5801838489469531,3953.8008728832046,0.8270855560008767,-0.17291444399912326,4736.263334242944,0.9907668896618732,-0.009233110338126793,5637.019660576401,1.1791938162924855,0.17919381629248554,6656.069851883573,1.3923663358927132,0.3923663358927132,7793.413908164464,1.630284448462557,0.6302844484625569,10422.983615647394,2.180357452511091,1.1803574525110911,19067.05052139475,3.9885878396007004,2.9885878396007004,30668.464051485018,6.415458050930701,5.415458050930701,8,7349.071308011331,1.537333549234662,0.537333549234662,025,4736.263334242944,0.9907668896618732,-0.009233110338126793
meuse_initial_20_ep,meuse,initial,20,ep,z,503.09999999999997,503.09999999999997,9262.648749999997,17915.486093750005,1.9341644682089463,0.9341644682089463,17981.315347222226,1.9412714259754513,0.9412714259754513,17545.547109375,1.8942256780896507,0.8942256780896507,17629.987524999997,1.9033419058452372,0.9033419058452372,16916.47416015625,1.8263106608847988,0.8263106608847988,3973.442137096773,0.42897471817624244,-0.5710252818237576,3973.442137096773,0.42897471817624244,-0.5710252818237576,3973.442137096773,0.42897471817624244,-0.5710252818237576,3973.442137096772,0.42897471817624233,-0.5710252818237577,3973.442137096773,0.42897471817624244,-0.5710252818237576,3973.442137096773,0.42897471817624244,-0.5710252818237576,3973.442137096773,0.42897471817624244,-0.5710252818237576,3973.442137096773,0.42897471817624244,-0.5710252818237576,3973.442137096773,0.42897471817624244,-0.5710252818237576,8,16916.47416015625,1.8263106608847988,0.8263106608847988,00,3973.442137096773,0.42897471817624244,-0.5710252818237576
meuse_initial_20_up,meuse,initial,20,up,z,503.09999999999997,503.1000001020156,3358.1447160666103,4533.434045245217,1.3499817394871598,0.3499817394871598,4137.607664845551,1.2321111848008517,0.2321111848008517,3787.577241135105,1.1278779091960898,0.12787790919608977,3509.4364765802175,1.0450521860448037,0.045052186044803655,3504.3716289842923,1.043543958132024,0.04354395813202405,704.1320780559919,0.2096788964118082,-0.7903211035881919,1484.7951002494565,0.442147443243183,-0.557852556756817,1862.006594850133,0.5544747925667416,-0.4455252074332584,2312.036385071732,0.6884862269365857,-0.3115137730634143,2834.884470914255,0.8441817463527155,-0.15581825364728452,3430.5508523777025,1.0215613508151316,0.021561350815131552,4840.3385021673685,1.4413728148788207,0.44137281487882074,9639.127800007696,2.8703729633480455,1.8703729633480455,16258.374488371122,4.841475237974417,3.841475237974417,8,3504.3716289842923,1.043543958132024,0.04354395813202405,04,3430.5508523777025,1.0215613508151316,0.021561350815131552
meuse_initial_5_ep,meuse,initial,5,ep,z,503.09999999999997,503.1000004718081,54319.560103552896,105378.37749872924,1.9399711134964939,0.9399711134964939,83707.23332960343,1.5410145658401304,0.5410145658401304,75646.58749095887,1.392621504053952,0.392621504053952,48413.81599421368,0.8912777625945292,-0.10872223740547082,48413.81599421368,0.8912777625945292,-0.10872223740547082,16719.899996155476,0.3078062481412082,-0.6921937518587917,16719.89999615548,0.30780624814120827,-0.6921937518587917,16719.899996155476,0.3078062481412082,-0.6921937518587917,16719.899996155476,0.3078062481412082,-0.6921937518587917,16719.89999615548,0.30780624814120827,-0.6921937518587917,16719.899996155476,0.3078062481412082,-0.6921937518587917,16719.899996155476,0.3078062481412082,-0.6921937518587917,16719.899996155476,0.3078062481412082,-0.6921937518587917,16719.899996155476,0.3078062481412082,-0.6921937518587917,5,48413.81599421368,0.8912777625945292,-0.10872223740547082,00,16719.899996155476,0.3078062481412082,-0.6921937518587917
meuse_initial_5_up,meuse,initial,5,up,z,503.09999999999997,503.10000053712594,10462.44942565605,20434.5143663978,1.9531290938705255,0.9531290938705255,18135.10584404006,1.7333518286424494,0.7333518286424494,16426.987417077202,1.57009001895817,0.5700900189581699,10513.271946929408,1.0048576121332287,0.0048576121332286615,10513.271946929408,1.0048576121332287,0.0048576121332286615,3241.549305279027,0.30982699876475295,-0.690173001235247,7623.692883023088,0.7286718982199566,-0.2713281017800434,9579.850737237492,0.9156412946423189,-0.08435870535768109,11880.257375363253,1.135513959688106,0.1355139596881061,14524.912797400371,1.388289893357318,0.388289893357318,17513.817003348846,1.6739690956499547,0.6739690956499547,24524.371766979864,2.344037306105502,1.344037306105502,48075.11239450613,4.595015033154301,3.5950150331543007,80232.07261981632,7.668574475788718,6.668574475788718,5,10513.271946929408,1.0048576121332287,0.0048576121332286615,025,9579.850737237492,0.9156412946423189,-0.08435870535768109
regular_best_20_ep,regular,best,20,ep,z,2999.3156558692144,2999.3156558692153,22910.68073108713,31838.324869674576,1.3896717100366935,0.38967171003669354,25072.73569660945,1.094368866246242,0.09436886624624208,25644.41760482578,1.1193215036177115,0.11932150361771154,27719.60401111394,1.2098987514369952,0.2098987514369952,39065.48446217604,1.705121070853592,0.705121070853592,35621.40206080333,1.5547945728417065,0.5547945728417065,35621.40206080334,1.554794572841707,0.554794572841707,35621.40206080333,1.5547945728417065,0.5547945728417065,35621.402060803324,1.5547945728417063,0.5547945728417063,35621.40206080333,1.5547945728417065,0.5547945728417065,35621.40206080333,1.5547945728417065,0.5547945728417065,35621.40206080333,1.5547945728417065,0.5547945728417065,35621.40206080333,1.5547945728417065,0.5547945728417065,35621.40206080333,1.5547945728417065,0.5547945728417065,3,25072.73569660945,1.094368866246242,0.09436886624624208,03,35621.402060803324,1.5547945728417063,0.5547945728417063
regular_best_20_ep,regular,best,20,ep,plane,2999.3156558692144,2999.3156558692153,22910.68073108713,31838.324869674576,1.3896717100366935,0.38967171003669354,25072.73569660945,1.094368866246242,0.09436886624624208,25644.41760482578,1.1193215036177115,0.11932150361771154,27719.60401111394,1.2098987514369952,0.2098987514369952,39065.48446217604,1.705121070853592,0.705121070853592,35621.40206080333,1.5547945728417065,0.5547945728417065,35621.40206080334,1.554794572841707,0.554794572841707,35621.40206080333,1.5547945728417065,0.5547945728417065,35621.402060803324,1.5547945728417063,0.5547945728417063,35621.40206080333,1.5547945728417065,0.5547945728417065,35621.40206080333,1.5547945728417065,0.5547945728417065,35621.40206080333,1.5547945728417065,0.5547945728417065,35621.40206080333,1.5547945728417065,0.5547945728417065,35621.40206080333,1.5547945728417065,0.5547945728417065,3,25072.73569660945,1.094368866246242,0.09436886624624208,03,35621.402060803324,1.5547945728417063,0.5547945728417063
regular_best_20_ep,regular,best,20,ep,peak,7370.716937770997,7370.716937770996,8370.546348777345,248805.79092871203,29.723960726297655,28.723960726297655,226098.7690411195,27.011231957893038,26.011231957893038,212512.65444854528,25.38814619664417,24.38814619664417,210186.9233343514,25.110299205863978,24.110299205863978,195426.39976500176,23.346910897106135,22.346910897106135,37790.708525532835,4.51472424270762,3.5147242427076204,37790.70852553285,4.514724242707622,3.514724242707622,37790.708525532835,4.51472424270762,3.5147242427076204,37790.708525532835,4.51472424270762,3.5147242427076204,37790.708525532835,4.51472424270762,3.5147242427076204,37790.70852553284,4.514724242707621,3.5147242427076213,37790.708525532835,4.51472424270762,3.5147242427076204,37790.708525532835,4.51472424270762,3.5147242427076204,37790.708525532835,4.51472424270762,3.5147242427076204,8,195426.39976500176,23.346910897106135,22.346910897106135,00,37790.708525532835,4.51472424270762,3.5147242427076204
regular_best_20_ep,regular,best,20,ep,bird,7179.306655465731,7179.30665546573,36627.95952455807,211378.12669727913,5.770950100443235,4.770950100443235,198020.3777170144,5.406262873700268,4.406262873700268,193886.70111458478,5.293407102969765,4.293407102969765,196600.51281725787,5.367498363796172,4.367498363796172,195022.39989185697,5.32441343780288,4.32441343780288,34513.32430339807,0.9422671847242216,-0.05773281527577845,34513.324303398076,0.9422671847242217,-0.05773281527577834,34513.32430339807,0.9422671847242216,-0.05773281527577845,34513.32430339807,0.9422671847242216,-0.05773281527577845,34513.32430339807,0.9422671847242216,-0.05773281527577845,34513.324303398076,0.9422671847242217,-0.05773281527577834,34513.32430339807,0.9422671847242216,-0.05773281527577845,34513.32430339807,0.9422671847242216,-0.05773281527577845,34513.32430339807,0.9422671847242216,-0.05773281527577845,4,193886.70111458478,5.293407102969765,4.293407102969765,02,34513.324303398076,0.9422671847242217,-0.05773281527577834
regular_best_50_ep,regular,best,50,ep,z,2999.3156558692144,2999.3156558692144,8263.653000733491,4130.502005045843,0.49983972036086405,-0.500160279639136,3283.0921079077116,0.39729307457807106,-0.6027069254219289,2895.5829190054583,0.35039986780040777,-0.6496001321995922,3112.001406011813,0.3765890709272991,-0.6234109290727009,4997.857606760168,0.6048000329051271,-0.39519996709487293,10594.529323271445,1.282063673575241,0.2820636735752411,10594.529323271447,1.2820636735752413,0.2820636735752413,10594.529323271445,1.282063673575241,0.2820636735752411,10594.52932327144,1.2820636735752404,0.2820636735752404,10594.529323271443,1.2820636735752409,0.28206367357524087,10594.529323271445,1.282063673575241,0.2820636735752411,10594.529323271445,1.282063673575241,0.2820636735752411,10594.529323271445,1.282063673575241,0.2820636735752411,10594.529323271445,1.282063673575241,0.2820636735752411,8,4997.857606760168,0.6048000329051271,-0.39519996709487293,03,10594.52932327144,1.2820636735752404,0.2820636735752404
regular_best_50_ep,regular,best,50,ep,plane,2999.3156558692144,2999.3156558692144,8263.653000733491,4130.502005045843,0.49983972036086405,-0.500160279639136,3283.0921079077116,0.39729307457807106,-0.6027069254219289,2895.5829190054583,0.35039986780040777,-0.6496001321995922,3112.001406011813,0.3765890709272991,-0.6234109290727009,4997.857606760168,0.6048000329051271,-0.39519996709487293,10594.529323271445,1.282063673575241,0.2820636735752411,10594.529323271447,1.2820636735752413,0.2820636735752413,10594.529323271445,1.282063673575241,0.2820636735752411,10594.52932327144,1.2820636735752404,0.2820636735752404,10594.529323271443,1.2820636735752409,0.28206367357524087,10594.529323271445,1.282063673575241,0.2820636735752411,10594.529323271445,1.282063673575241,0.2820636735752411,10594.529323271445,1.282063673575241,0.2820636735752411,10594.529323271445,1.282063673575241,0.2820636735752411,8,4997.857606760168,0.6048000329051271,-0.39519996709487293,03,10594.52932327144,1.2820636735752404,0.2820636735752404
regular_best_50_ep,regular,best,50,ep,peak,7370.716937770997,7370.716937770996,2040.4966038091702,47715.77934253537,23.384395373881155,22.384395373881155,41236.14930428321,20.208879165642397,19.208879165642397,41266.44019072706,20.223724025657013,19.223724025657013,42877.4272289416,21.01323136186486,20.01323136186486,52373.96865034918,25.66726577862379,24.66726577862379,11416.252662290104,5.59484031533226,4.59484031533226,11416.252662290117,5.594840315332267,4.594840315332267,11416.252662290104,5.59484031533226,4.59484031533226,11416.2526622901,5.594840315332259,4.594840315332259,11416.252662290115,5.594840315332266,4.594840315332266,11416.252662290106,5.594840315332261,4.594840315332261,11416.252662290104,5.59484031533226,4.59484031533226,11416.252662290104,5.59484031533226,4.59484031533226,11416.252662290104,5.59484031533226,4.59484031533226,3,41236.14930428321,20.208879165642397,19.208879165642397,03,11416.2526622901,5.594840315332259,4.594840315332259
regular_best_50_ep,regular,best,50,ep,bird,7179.306655465731,7179.306655465732,3911.181900508298,50679.6315482012,12.957625811679806,11.957625811679806,45363.75447297557,11.598477295847601,10.598477295847601,46702.28437376834,11.940708860331682,10.940708860331682,49129.69694399006,12.56134288655947,11.56134288655947,57601.056192292745,14.727276219192694,13.727276219192694,12016.905160274187,3.072448550325023,2.072448550325023,12016.905160274197,3.072448550325025,2.072448550325025,12016.905160274187,3.072448550325023,2.072448550325023,12016.905160274193,3.0724485503250243,2.0724485503250243,12016.905160274191,3.072448550325024,2.072448550325024,12016.905160274191,3.072448550325024,2.072448550325024,12016.905160274187,3.072448550325023,2.072448550325023,12016.905160274187,3.072448550325023,2.072448550325023,12016.905160274187,3.072448550325023,2.072448550325023,3,45363.75447297557,11.598477295847601,10.598477295847601,00,12016.905160274187,3.072448550325023,2.072448550325023
regular_initial_20_ep,regular,initial,20,ep,z,2999.3156558692144,2999.3156558692144,50790.31994682624,16271.730679431763,0.3203707063957675,-0.6796292936042325,23115.24415017856,0.45511121360090934,-0.5448887863990907,28309.355209806065,0.5573769812720986,-0.44262301872790144,27551.03159500648,0.5424465060241873,-0.4575534939758127,38612.15779286517,0.7602267092093391,-0.2397732907906609,56948.82978111613,1.1212536136952358,0.1212536136952358,56948.82978111614,1.1212536136952358,0.1212536136952358,56948.82978111613,1.1212536136952358,0.1212536136952358,56948.82978111613,1.1212536136952358,0.1212536136952358,56948.82978111614,1.1212536136952358,0.1212536136952358,56948.82978111613,1.1212536136952358,0.1212536136952358,56948.82978111613,1.1212536136952358,0.1212536136952358,56948.82978111613,1.1212536136952358,0.1212536136952358,56948.82978111613,1.1212536136952358,0.1212536136952358,8,38612.15779286517,0.7602267092093391,-0.2397732907906609,00,56948.82978111613,1.1212536136952358,0.1212536136952358
regular_initial_20_ep,regular,initial,20,ep,plane,2999.3156558692144,2999.3156558692144,50790.31994682624,16271.730679431763,0.3203707063957675,-0.6796292936042325,23115.24415017856,0.45511121360090934,-0.5448887863990907,28309.355209806065,0.5573769812720986,-0.44262301872790144,27551.03159500648,0.5424465060241873,-0.4575534939758127,38612.15779286517,0.7602267092093391,-0.2397732907906609,56948.82978111613,1.1212536136952358,0.1212536136952358,56948.82978111614,1.1212536136952358,0.1212536136952358,56948.82978111613,1.1212536136952358,0.1212536136952358,56948.82978111613,1.1212536136952358,0.1212536136952358,56948.82978111614,1.1212536136952358,0.1212536136952358,56948.82978111613,1.1212536136952358,0.1212536136952358,56948.82978111613,1.1212536136952358,0.1212536136952358,56948.82978111613,1.1212536136952358,0.1212536136952358,56948.82978111613,1.1212536136952358,0.1212536136952358,8,38612.15779286517,0.7602267092093391,-0.2397732907906609,00,56948.82978111613,1.1212536136952358,0.1212536136952358
regular_initial_20_ep,regular,initial,20,ep,peak,7370.716937770997,7370.716937770996,19740.703069777945,236060.60861259064,11.958064906714895,10.958064906714895,215167.14508765427,10.899669800366162,9.899669800366162,199547.16641144778,10.108412334966163,9.108412334966163,191748.89780570404,9.713377336558102,8.713377336558102,189751.49549412972,9.61219541286906,8.61219541286906,32593.1812640985,1.651064865769501,0.6510648657695011,32593.181264098508,1.6510648657695015,0.6510648657695015,32593.1812640985,1.651064865769501,0.6510648657695011,32593.181264098494,1.6510648657695008,0.6510648657695008,32593.1812640985,1.651064865769501,0.6510648657695011,32593.181264098497,1.6510648657695008,0.6510648657695008,32593.1812640985,1.651064865769501,0.6510648657695011,32593.1812640985,1.651064865769501,0.6510648657695011,32593.1812640985,1.651064865769501,0.6510648657695011,8,189751.49549412972,9.61219541286906,8.61219541286906,03,32593.181264098494,1.6510648657695008,0.6510648657695008
regular_initial_20_ep,regular,initial,20,ep,bird,7179.306655465731,7179.306655465732,29737.426759726706,247125.12041876485,8.310238892406304,7.3102388924063035,219521.62641001074,7.381998051939992,6.381998051939992,210605.98275941022,7.082185841467399,6.082185841467399,201069.40697032225,6.761493137752923,5.761493137752923,195450.43178242396,6.572540165012589,5.572540165012589,51353.2109462632,1.7268881857595921,0.7268881857595921,51353.21094626321,1.7268881857595924,0.7268881857595924,51353.2109462632,1.7268881857595921,0.7268881857595921,51353.210946263185,1.7268881857595917,0.7268881857595917,51353.21094626319,1.726888185759592,0.7268881857595919,51353.2109462632,1.7268881857595921,0.7268881857595921,51353.2109462632,1.7268881857595921,0.7268881857595921,51353.2109462632,1.7268881857595921,0.7268881857595921,51353.2109462632,1.7268881857595921,0.7268881857595921,8,195450.43178242396,6.572540165012589,5.572540165012589,03,51353.210946263185,1.7268881857595917,0.7268881857595917
regular_initial_50_ep,regular,initial,50,ep,z,2999.3156558692144,2999.3156558692144,24328.015539624816,2917.843433048774,0.11993758505687689,-0.8800624149431231,2741.8782202806083,0.11270455725477119,-0.8872954427452289,2821.0282229419327,0.11595800809758272,-0.8840419919024173,3276.0889872175458,0.1346632232243333,-0.8653367767756667,4986.694664189494,0.20497745309588858,-0.7950225469041114,22977.11349896686,0.9444713425779574,-0.055528657422042604,22977.113498966864,0.9444713425779576,-0.05552865742204238,22977.11349896686,0.9444713425779574,-0.055528657422042604,22977.113498966864,0.9444713425779576,-0.05552865742204238,22977.11349896686,0.9444713425779574,-0.055528657422042604,22977.11349896686,0.9444713425779574,-0.055528657422042604,22977.11349896686,0.9444713425779574,-0.055528657422042604,22977.11349896686,0.9444713425779574,-0.055528657422042604,22977.11349896686,0.9444713425779574,-0.055528657422042604,8,4986.694664189494,0.20497745309588858,-0.7950225469041114,02,22977.113498966864,0.9444713425779576,-0.05552865742204238
regular_initial_50_ep,regular,initial,50,ep,plane,2999.3156558692144,2999.3156558692144,24328.015539624816,2917.843433048774,0.11993758505687689,-0.8800624149431231,2741.8782202806083,0.11270455725477119,-0.8872954427452289,2821.0282229419327,0.11595800809758272,-0.8840419919024173,3276.0889872175458,0.1346632232243333,-0.8653367767756667,4986.694664189494,0.20497745309588858,-0.7950225469041114,22977.11349896686,0.9444713425779574,-0.055528657422042604,22977.113498966864,0.9444713425779576,-0.05552865742204238,22977.11349896686,0.9444713425779574,-0.055528657422042604,22977.113498966864,0.9444713425779576,-0.05552865742204238,22977.11349896686,0.9444713425779574,-0.055528657422042604,22977.11349896686,0.9444713425779574,-0.055528657422042604,22977.11349896686,0.9444713425779574,-0.055528657422042604,22977.11349896686,0.9444713425779574,-0.055528657422042604,22977.11349896686,0.9444713425779574,-0.055528657422042604,8,4986.694664189494,0.20497745309588858,-0.7950225469041114,02,22977.113498966864,0.9444713425779576,-0.05552865742204238
regular_initial_50_ep,regular,initial,50,ep,peak,7370.716937770997,7370.716937770995,3473.544471309691,39529.82040999583,11.380254589080074,10.380254589080074,35781.61207477077,10.30118150791356,9.30118150791356,38487.0724377135,11.080057490440607,10.080057490440607,41695.51695412333,12.003737766570799,11.003737766570799,52918.88974767478,15.234838702877425,14.234838702877425,10923.259516762995,3.144701214274193,2.144701214274193,10923.259516763006,3.144701214274196,2.144701214274196,10923.259516762995,3.144701214274193,2.144701214274193,10923.259516762999,3.1447012142741944,2.1447012142741944,10923.259516762999,3.1447012142741944,2.1447012142741944,10923.259516762995,3.144701214274193,2.144701214274193,10923.259516762995,3.144701214274193,2.144701214274193,10923.259516762995,3.144701214274193,2.144701214274193,10923.259516762995,3.144701214274193,2.144701214274193,3,35781.61207477077,10.30118150791356,9.30118150791356,00,10923.259516762995,3.144701214274193,2.144701214274193
regular_initial_50_ep,regular,initial,50,ep,bird,7179.306655465731,7179.306655465732,9188.244301103436,37152.966762496726,4.043532751739628,3.043532751739628,40156.150551583814,4.370383419905518,3.370383419905518,43556.658115779865,4.740476710066258,3.7404767100662584,47819.12454203117,5.204381052024103,4.204381052024103,54439.1613453686,5.924870906929509,4.924870906929509,16956.875702532736,1.8454968269070022,0.8454968269070022,16956.875702532736,1.8454968269070022,0.8454968269070022,16956.875702532736,1.8454968269070022,0.8454968269070022,16956.87570253273,1.8454968269070013,0.8454968269070013,16956.875702532743,1.845496826907003,0.8454968269070029,16956.87570253273,1.8454968269070013,0.8454968269070013,16956.875702532736,1.8454968269070022,0.8454968269070022,16956.875702532736,1.8454968269070022,0.8454968269070022,16956.875702532736,1.8454968269070022,0.8454968269070022,2,37152.966762496726,4.043532751739628,3.043532751739628,03,16956.87570253273,1.8454968269070013,0.8454968269070013
